ID,FirstName,LastName,HomeAddress,Email,SSN,CreditCard,DayOfBirth
1,Raul,Simonite,663 Melrose Drive,rsimonite0@cam.ac.uk,871-88-5867,4844253449052924,4/27/1970
2,Kary,Tremayne,62 Farmco Hill,ktremayne1@eepurl.com,788-79-3566,3586552945066153,9/6/1988
3,Selena,Dymick,062 Shoshone Place,sdymick2@tmall.com,632-07-7821,3539103911723258,11/7/1964
4,Latrena,Elias,64926 Eastwood Junction,lelias3@newyorker.com,275-02-5924,6331104166470227239,4/14/1970
5,Wilfrid,Skippings,56 Walton Circle,wskippings4@dot.gov,653-11-8728,5490343047361118,8/22/1980
6,Steward,McAloren,3323 Gateway Circle,smcaloren5@bbb.org,621-05-5717,3538610444223623,6/23/1987
7,Earlie,Whittuck,65590 Green Hill,ewhittuck6@bing.com,744-32-9860,5602244876345286,7/30/1963
8,Aleen,Screeton,1284 Oak Valley Parkway,ascreeton7@nasa.gov,194-86-2245,3582924036944362,6/2/1974
9,Geri,Guislin,54092 6th Lane,gguislin8@is.gd,371-95-6505,3547948310002666,10/23/1986
10,Lucina,Menci,79 Ryan Parkway,lmenci9@yahoo.com,840-89-7978,3545193834457193,10/3/1966
11,Benton,Scouse,3992 Ronald Regan Way,bscousea@apache.org,584-91-9999,6759726525055679,6/19/1976
12,Dacia,Adenet,89 Montana Court,dadenetb@who.int,335-35-1876,4913575804293099,5/15/1970
13,Chrysa,Chapelhow,30 Monterey Crossing,cchapelhowc@sohu.com,779-86-2049,374288213800351,4/3/1963
14,Urbano,Viccars,7052 Eagan Point,uviccarsd@shareasale.com,102-02-5128,3567352331600910,3/11/1974
15,Simonne,Godsmark,59 Longview Crossing,sgodsmarke@sphinn.com,744-29-3564,6706943529253036,12/19/1962
16,Ritchie,Fodden,7 Claremont Street,rfoddenf@fastcompany.com,326-02-7451,589311935397123590,6/30/1969
17,Ulrick,Crane,00 Crownhardt Junction,ucraneg@time.com,191-33-2700,3567836399412432,12/3/1978
18,Vaclav,Jess,268 Dottie Parkway,vjessh@state.gov,523-43-7016,337941175261360,4/22/1972
19,Beck,Hallbird,75251 Vidon Trail,bhallbirdi@jimdo.com,214-80-3843,4032603718950970,8/27/1965
20,Mireielle,Vanyashkin,0063 Forest Dale Hill,mvanyashkinj@gov.uk,162-08-6875,5458154138039442,9/17/1985
21,Enrichetta,Praill,5 Mariners Cove Parkway,epraillk@globo.com,102-08-4149,5575850553468903,3/7/1969
22,Mariska,Ragles,24 Larry Trail,mraglesl@live.com,135-29-1196,5470030124614295,9/21/1966
23,Anabelle,Gull,5 Prairieview Street,agullm@nydailynews.com,272-90-2197,3541975306859250,10/22/1980
24,Claretta,Kristoffersson,00 Monument Drive,ckristofferssonn@wired.com,471-83-2764,4903279676026586,4/7/1975
25,Barrie,Somes,65 Bonner Pass,bsomeso@dell.com,660-82-2829,3559722922282940,11/7/1972
26,Kimbra,Foxwell,1094 Annamark Lane,kfoxwellp@nationalgeographic.com,408-97-3388,3580663723308034,2/13/1990
27,Kev,Pariso,8551 Hudson Road,kparisoq@opera.com,699-62-2256,3556047396988027,8/27/1976
28,Arin,Bousquet,77 Bartelt Hill,abousquetr@huffingtonpost.com,197-62-5051,3537658348022410,8/9/1972
29,Jena,Dodge,32 Farmco Drive,jdodges@adobe.com,794-38-6157,3545428869623065,7/30/1971
30,Ashlan,Meagh,67 Northport Avenue,ameaght@blogs.com,766-88-7372,3565933133510969,12/23/1989
31,Mandy,Desesquelle,54 Armistice Point,mdesesquelleu@zdnet.com,284-69-6852,374622041235473,2/4/1962
32,Carmine,Longrigg,86265 Ryan Center,clongriggv@macromedia.com,824-51-8044,3560653448125544,7/5/1973
33,Giralda,Elfes,3 Morning Plaza,gelfesw@shinystat.com,480-96-8603,5002358337279359,3/10/1988
34,Jacqui,Churchard,6 Jenna Junction,jchurchardx@goodreads.com,689-61-8022,6387174787844904,8/6/1966
35,Deanna,Celes,1323 Laurel Hill,dcelesy@alexa.com,109-18-1934,201936233629759,9/22/1987
36,Myrta,Rennox,612 Sunnyside Terrace,mrennoxz@utexas.edu,638-79-8240,3554934705193823,6/28/1984
37,Jervis,Starmer,88238 Continental Park,jstarmer10@joomla.org,453-74-7047,3549959923568710,9/7/1968
38,Rosco,Wilkins,06 Portage Avenue,rwilkins11@utexas.edu,180-49-0800,4844015558712741,4/3/1972
39,Rozanna,Blades,3 Luster Alley,rblades12@rediff.com,446-26-0949,3583313006534982,1/19/1973
40,Jolie,Cliburn,85 Orin Circle,jcliburn13@homestead.com,584-86-3088,30414579014116,2/1/1983
41,Lance,Dewan,2591 Crescent Oaks Crossing,ldewan14@artisteer.com,507-37-6933,5610571424629203,9/29/1967
42,Sianna,Rodmell,2 Rutledge Point,srodmell15@guardian.co.uk,728-61-5085,30200602684334,10/30/1979
43,Martguerita,Spier,75806 Hanson Park,mspier16@wunderground.com,168-63-6892,5048379545853005,2/19/1987
44,Yuma,Vasic,3 Arrowood Way,yvasic17@archive.org,689-39-1343,36307456187043,2/1/1967
45,Raynor,Rawlin,9 Granby Point,rrawlin18@surveymonkey.com,444-67-9591,3579412406445645,8/9/1968
46,Kippy,Arnli,78742 Dawn Circle,karnli19@edublogs.org,200-45-5690,5018821931036715498,5/8/1972
47,Aguistin,Weond,5 Chive Plaza,aweond1a@joomla.org,295-90-5784,5100133158521242,12/5/1966
48,Rikki,Schuricht,8868 Golf Drive,rschuricht1b@engadget.com,621-52-0810,63048255615946656,9/26/1984
49,Nickolai,Spridgeon,5867 American Ash Way,nspridgeon1c@trellian.com,827-23-0115,372301509312262,1/22/1966
50,Marsiella,Thomlinson,430 Transport Road,mthomlinson1d@topsy.com,144-80-3729,3533925176413431,9/18/1963
51,Oby,Ruthen,22 Coleman Lane,oruthen1e@oakley.com,376-36-8501,5893776566718544,12/14/1972
52,Opaline,Hymor,925 Lake View Street,ohymor1f@webeden.co.uk,853-29-3756,36070080025886,6/8/1986
53,Lowe,Sibborn,2840 Eggendart Court,lsibborn1g@posterous.com,586-94-8836,3541035563546635,2/8/1983
54,Beilul,Drieu,4448 Blackbird Avenue,bdrieu1h@hostgator.com,560-09-3533,201976727320036,4/24/1990
55,Carr,Willerton,8364 Del Mar Way,cwillerton1i@is.gd,899-11-4340,3532200423723136,9/9/1987
56,Livia,Mendenhall,7 Bunting Road,lmendenhall1j@shutterfly.com,232-93-3697,3536482754735816,11/21/1972
57,Burtie,Nesbitt,05457 Westerfield Alley,bnesbitt1k@taobao.com,808-52-8675,201831211357731,11/27/1986
58,Delmore,Coalbran,8 Pond Road,dcoalbran1l@wordpress.org,269-54-1646,6334449678804314,2/9/1980
59,Krishna,Biagioni,047 Southridge Hill,kbiagioni1m@blog.com,470-76-1955,374288997449201,9/5/1989
60,Christi,Ceresa,41 Redwing Drive,cceresa1n@reverbnation.com,441-75-7776,4913010195101750,12/29/1986
61,Serena,Wildber,7 Fuller Junction,swildber1o@blog.com,869-52-0179,5602213164605183867,2/4/1981
62,Quintilla,Moncrefe,8227 Londonderry Lane,qmoncrefe1p@amazon.co.uk,455-17-9099,3563568097265978,10/28/1979
63,Caryl,Chupin,45827 Harper Center,cchupin1q@booking.com,111-51-9952,3586211993056729,8/21/1971
64,Honor,Gange,3 Acker Terrace,hgange1r@cnet.com,663-27-7501,4756524837081576,10/11/1980
65,Scottie,Crees,001 Golden Leaf Road,screes1s@godaddy.com,616-42-7313,3570766417236106,12/6/1975
66,Tony,Rawson,85 Arapahoe Way,trawson1t@edublogs.org,350-62-0538,4405886290497697,11/11/1980
67,Janeta,Saffell,708 Holy Cross Way,jsaffell1u@hud.gov,154-11-8919,5536350692135768,8/6/1976
68,Deborah,Kynforth,06 Bowman Hill,dkynforth1v@ihg.com,842-16-6725,5602221802310204,6/20/1975
69,Dmitri,Showalter,391 Southridge Crossing,dshowalter1w@google.es,617-60-0146,5010126093450336,11/9/1977
70,Cara,Dowley,81 Carioca Pass,cdowley1x@drupal.org,748-32-7754,5602229182161113,6/7/1971
71,Bianca,Jeeks,986 Sugar Parkway,bjeeks1y@webs.com,697-35-3687,5602220895493083,9/24/1963
72,Zonnya,Wagner,3 Sachtjen Crossing,zwagner1z@amazon.de,601-87-2962,4026304131177394,6/4/1962
73,Venus,Evreux,9 Kinsman Hill,vevreux20@paypal.com,405-82-4814,5602223891414693664,5/5/1978
74,Prudence,Bamb,699 Little Fleur Plaza,pbamb21@umich.edu,668-85-6893,3531137538135627,4/4/1983
75,Hunfredo,Syce,279 West Parkway,hsyce22@webmd.com,581-59-4407,5010125031559141,8/25/1983
76,Judah,Champneys,7 Miller Park,jchampneys23@constantcontact.com,693-11-4376,3554104744742663,11/28/1962
77,Kilian,Hulett,28704 Forest Parkway,khulett24@soundcloud.com,818-91-2386,677142750502259504,5/20/1981
78,Wain,Foxall,3938 Caliangt Trail,wfoxall25@cbsnews.com,885-95-1050,677130921310812750,10/16/1961
79,Ody,Brewse,4807 Katie Alley,obrewse26@pen.io,150-76-8856,4844411412895758,3/1/1982
80,Chester,Dagleas,23224 Luster Crossing,cdagleas27@chron.com,890-71-1379,6759638498161958898,3/23/1971
81,Ardella,Dullard,60682 Mallard Pass,adullard28@mapquest.com,656-47-5068,5602237823773525850,10/17/1987
82,Kelci,Cawthera,25 Mcguire Court,kcawthera29@delicious.com,435-30-4958,374288370242124,5/3/1974
83,Atlanta,Lower,43500 Susan Trail,alower2a@elegantthemes.com,427-16-0325,3576297062089594,3/10/1963
84,Marietta,Drakers,017 Linden Hill,mdrakers2b@archive.org,831-06-9141,633491335451564698,1/24/1979
85,Mora,Garrett,009 Stoughton Parkway,mgarrett2c@nytimes.com,554-78-7736,060474588737535125,3/23/1987
86,Oralie,Antonignetti,4 Sachtjen Pass,oantonignetti2d@theglobeandmail.com,386-59-1877,4669906927684,11/8/1971
87,Atalanta,Tamplin,551 Tomscot Drive,atamplin2e@chicagotribune.com,443-04-6347,3555674635835270,8/13/1979
88,Britni,D'Ambrosio,7004 Hollow Ridge Street,bdambrosio2f@weather.com,283-63-8428,3537789906319318,4/21/1987
89,Giana,Noteyoung,39 Darwin Place,gnoteyoung2g@theglobeandmail.com,639-88-3482,56022590635721224,1/4/1979
90,Raimundo,Heath,8231 Columbus Point,rheath2h@boston.com,659-65-9053,3572359034622805,3/14/1974
91,Pate,Scamadine,1 Nancy Place,pscamadine2i@bigcartel.com,204-68-7098,4017952077576,8/10/1961
92,Lay,Semiraz,789 David Center,lsemiraz2j@plala.or.jp,337-29-9837,3573504512959620,1/1/1962
93,Michelle,Lalley,6324 Monument Street,mlalley2k@google.cn,796-17-6899,3531154971159758,4/2/1971
94,Ethelind,Luce,298 Larry Pass,eluce2l@istockphoto.com,147-87-6249,3560076580469589,5/1/1963
95,Selma,Wooldridge,75 Dryden Point,swooldridge2m@examiner.com,485-76-8624,5413488847817175,10/8/1987
96,Jayme,Wilby,15455 Kenwood Terrace,jwilby2n@mozilla.org,612-08-1581,5516009058302107,11/6/1967
97,Miles,Barnewell,1 Derek Junction,mbarnewell2o@go.com,869-70-0099,5100132184103199,6/16/1960
98,Beniamino,Nutbrown,5987 Mendota Plaza,bnutbrown2p@boston.com,771-90-6116,3533873556121879,12/22/1989
99,Mack,Mariault,3324 Jackson Court,mmariault2q@163.com,662-40-5533,3539108694277786,8/8/1970
100,Carree,Zarfai,39024 Crownhardt Drive,czarfai2r@artisteer.com,753-47-1980,5100145877998915,12/11/1982
101,Tabor,Rainon,55015 Lindbergh Circle,trainon2s@chron.com,326-24-2668,5261984790496390,4/14/1964
102,Ninette,Brade,81067 Armistice Street,nbrade2t@github.io,862-66-0107,3575863855201893,8/27/1965
103,Auria,Altimas,601 Evergreen Court,aaltimas2u@networkadvertising.org,814-39-1509,6380074879677377,6/16/1979
104,Elwin,Vaneev,6867 Twin Pines Point,evaneev2v@dailymail.co.uk,465-28-8853,337941912787404,6/11/1988
105,Chester,Burden,596 Shoshone Avenue,cburden2w@apache.org,858-20-5531,3580061722392820,6/11/1963
106,Petronia,Upham,33646 Oxford Trail,pupham2x@xing.com,825-04-7753,30245583975565,8/18/1973
107,Prudy,McCray,73 Corben Place,pmccray2y@gravatar.com,402-52-5177,201870632428143,1/2/1977
108,Darius,Stovin,6 Cambridge Drive,dstovin2z@independent.co.uk,179-58-5536,5602218294221006,8/31/1989
109,Alwin,Skocroft,279 Jana Drive,askocroft30@theguardian.com,450-05-7344,3549222643052444,11/4/1970
110,Maddi,Cometti,11806 Moland Street,mcometti31@pbs.org,368-61-3278,5100133451590225,10/11/1960
111,Aylmer,Pittham,4387 Bunting Alley,apittham32@blinklist.com,390-72-4358,6767053925902187154,1/29/1968
112,Jenny,Kuhl,777 Stone Corner Point,jkuhl33@youtu.be,634-97-4772,5602216206065776,2/7/1981
113,Jasper,Ettridge,473 Golden Leaf Parkway,jettridge34@skyrock.com,218-75-8832,3531065613203053,7/9/1980
114,Martie,Denyukhin,028 Bunting Drive,mdenyukhin35@slideshare.net,699-74-1889,3537516860685800,5/7/1983
115,Tann,Speare,8892 Doe Crossing Drive,tspeare36@bloglovin.com,502-52-4888,4017954085866,6/17/1976
116,Jock,Vesque,354 Heath Court,jvesque37@mediafire.com,472-58-8170,5432790589822355,8/7/1967
117,Waring,Maltman,431 Knutson Street,wmaltman38@cyberchimps.com,561-82-6903,3567205722359878,3/7/1988
118,Kippy,Hobbing,609 Prairie Rose Way,khobbing39@alexa.com,170-35-9620,4405909819091211,11/6/1981
119,Julie,Dell 'Orto,31 Veith Place,jdellorto3a@twitpic.com,768-64-9208,3550537986358777,9/13/1962
120,Beulah,Youle,2042 1st Crossing,byoule3b@elpais.com,280-73-6431,5602227084240349968,5/30/1972
121,Paquito,Fontin,63377 Parkside Terrace,pfontin3c@csmonitor.com,659-66-1909,3548998822565600,12/3/1986
122,Lonnard,Fader,3384 Raven Lane,lfader3d@yelp.com,264-52-1785,337941985543965,9/19/1961
123,Traci,Izzatt,558 Carey Lane,tizzatt3e@wikia.com,543-88-9825,5448590222566209,9/22/1985
124,Derrek,Lardiner,4 Shopko Pass,dlardiner3f@cargocollective.com,227-08-9021,30209202831823,1/29/1974
125,Rodrick,Fossord,575 Meadow Ridge Place,rfossord3g@usa.gov,475-85-6763,30072473043126,8/2/1972
126,Ellwood,Hedde,21 Pepper Wood Avenue,ehedde3h@nyu.edu,513-65-6259,5602259951080921,12/6/1974
127,Tarrance,Haslegrave,9672 Lakewood Gardens Hill,thaslegrave3i@vistaprint.com,267-70-0202,4911531836148076,4/9/1982
128,Sheree,Troughton,49163 Redwing Place,stroughton3j@marketwatch.com,747-47-6074,63041144221989176,10/4/1969
129,Goddart,Ziebart,61980 Valley Edge Plaza,gziebart3k@tinyurl.com,413-58-9244,6759222049415692106,9/9/1964
130,Arleen,Shepton,29 Blue Bill Park Plaza,ashepton3l@vimeo.com,531-04-5287,3528498867950464,2/26/1987
131,Cirillo,Marousek,6 Carpenter Point,cmarousek3m@photobucket.com,450-45-1651,676397176104589581,10/18/1963
132,Cris,Hefford,5 Memorial Circle,chefford3n@bravesites.com,109-13-1122,5602242072261943,11/25/1961
133,Ludvig,Smoote,03 Anniversary Plaza,lsmoote3o@prweb.com,548-18-1790,67631534660566260,1/13/1988
134,Chad,Urwen,5 Westport Park,curwen3p@cyberchimps.com,695-84-1445,3548233765544689,7/5/1971
135,Homerus,Gontier,294 Amoth Court,hgontier3q@state.gov,434-93-9878,3575973409508279,2/10/1984
136,Bobina,Ewing,5819 Butternut Terrace,bewing3r@parallels.com,713-13-9770,3556426177122438,3/9/1980
137,Mella,Jeffes,57 Bashford Parkway,mjeffes3s@auda.org.au,766-89-9482,374283987206331,5/31/1970
138,Hunter,Zanni,45 East Road,hzanni3t@illinois.edu,201-03-9154,5100177223142682,12/29/1965
139,Jayne,Boother,4 Jay Court,jboother3u@amazon.de,281-51-6412,4905644596246015627,2/10/1979
140,Giuditta,Keene,16412 Spohn Way,gkeene3v@prnewswire.com,289-83-2222,3538456431416691,4/27/1969
141,Adi,Finby,21 Shoshone Junction,afinby3w@lulu.com,899-34-8724,201564199213408,3/5/1980
142,Adriaens,Jellyman,8198 Forest Junction,ajellyman3x@slate.com,421-24-7798,3533865756622680,10/27/1978
143,Gerianne,Calbrathe,4 Summerview Plaza,gcalbrathe3y@networkadvertising.org,510-18-7479,502060667271342485,8/1/1970
144,Sigfrid,Goggan,58854 Mcbride Circle,sgoggan3z@businessweek.com,888-37-6839,5602241756881289973,3/6/1974
145,Drusie,Purshouse,919 Golden Leaf Terrace,dpurshouse40@tamu.edu,361-53-4008,3587317458171520,12/31/1967
146,Fredra,Janak,175 Kim Way,fjanak41@netlog.com,869-92-5517,5506205596060510,4/18/1970
147,Lauraine,Hissie,8963 Delladonna Court,lhissie42@edublogs.org,887-77-8646,5610697786409601,8/17/1979
148,Arly,Samms,5 Cherokee Park,asamms43@usda.gov,158-88-5860,3538926854367043,1/29/1969
149,Derick,Founds,028 Dottie Plaza,dfounds44@newsvine.com,864-11-2769,3542687024572219,11/21/1972
150,Chrissy,Duinbleton,6897 Parkside Trail,cduinbleton45@utexas.edu,237-64-0331,501830075752758404,6/15/1967
151,Rica,Lardge,8 Portage Road,rlardge46@oakley.com,229-48-0101,5269390458241411,11/5/1961
152,Kori,Hilliam,50967 Fieldstone Place,khilliam47@sourceforge.net,415-97-6789,3586374967884516,2/8/1979
153,Jenine,Portugal,7977 Mallory Place,jportugal48@hud.gov,382-45-2152,5602234064358530,4/18/1988
154,Margette,Raynton,274 Mesta Alley,mraynton49@ox.ac.uk,891-03-9595,3587688319387798,3/29/1970
155,Cherin,Championnet,80 Thackeray Way,cchampionnet4a@nationalgeographic.com,353-05-2237,3589943861305773,11/2/1965
156,Prescott,Flode,84705 Comanche Trail,pflode4b@salon.com,236-99-4824,3553428933903237,9/24/1963
157,Cristi,Fulford,79986 Stang Crossing,cfulford4c@auda.org.au,885-93-5424,201780388521258,7/9/1960
158,Staffard,Giaomozzo,46266 Fallview Lane,sgiaomozzo4d@lulu.com,170-30-7327,374288092014629,6/23/1988
159,Reggy,Kochlin,3 Eliot Point,rkochlin4e@sbwire.com,500-02-6756,5038917864449481031,11/1/1979
160,Lindsy,Roscrigg,1518 Laurel Junction,lroscrigg4f@bluehost.com,495-13-3488,3581948158423955,12/25/1979
161,Dom,Aspden,3480 Hauk Court,daspden4g@ezinearticles.com,870-17-8454,5157596400935422,2/26/1989
162,Meier,Swaite,640 Homewood Point,mswaite4h@plala.or.jp,488-79-1847,5602229216344263665,12/31/1979
163,Esra,Ferroni,36 Stone Corner Terrace,eferroni4i@phoca.cz,711-44-1135,5272158666130709,1/27/1965
164,Otto,Durno,09 Sullivan Terrace,odurno4j@dion.ne.jp,110-13-5970,676392568338240533,8/18/1985
165,Wendall,Chesters,70 Kennedy Way,wchesters4k@who.int,781-77-9837,3556689236348126,7/23/1989
166,Marigold,Charkham,3 7th Alley,mcharkham4l@1688.com,847-65-0885,3566028318632909,4/4/1976
167,Ynez,Vanyukov,0894 Mosinee Trail,yvanyukov4m@columbia.edu,343-12-2736,5007660542286920,7/5/1973
168,Josee,Kitchiner,50179 Duke Terrace,jkitchiner4n@skype.com,885-72-6619,3573286459792475,8/31/1960
169,Chelsey,Corneljes,6 Talmadge Avenue,ccorneljes4o@shutterfly.com,329-54-9427,5602218982262353,5/1/1985
170,Sholom,Budik,9 Eagle Crest Place,sbudik4p@myspace.com,678-58-4541,5214869660350223,2/6/1983
171,Kenny,Padkin,196 Browning Plaza,kpadkin4q@gov.uk,781-07-0645,3539819400198963,2/10/1970
172,Francklin,Gateshill,9641 Basil Junction,fgateshill4r@yale.edu,594-72-1815,374288274479954,1/21/1984
173,Amalie,Kloska,4396 Thompson Terrace,akloska4s@soundcloud.com,141-50-9187,201478783621449,1/11/1974
174,Raquel,Tomasicchio,227 Bultman Pass,rtomasicchio4t@ask.com,413-38-6764,201578802343899,4/13/1965
175,Remington,Capini,244 Jay Avenue,rcapini4u@jalbum.net,738-36-5758,3588695608087335,6/23/1987
176,Karla,Buzin,5612 Linden Road,kbuzin4v@netscape.com,569-66-0638,3578954852849482,5/14/1971
177,Renado,Yeudall,116 Melrose Parkway,ryeudall4w@house.gov,882-18-5328,3564618559801403,8/24/1968
178,Felicia,Gowthorpe,9 Farwell Circle,fgowthorpe4x@state.tx.us,250-94-7591,3562866344291164,1/1/1963
179,Skell,Finey,2 Mosinee Lane,sfiney4y@constantcontact.com,722-38-8479,5010126193039112,6/3/1979
180,Tami,Ainslie,10930 Bunting Pass,tainslie4z@comcast.net,265-14-7700,3540971479331046,3/4/1988
181,Leena,Yeats,1280 Algoma Place,lyeats50@ycombinator.com,494-01-0166,5420866784172350,8/1/1960
182,Petey,Rainsdon,40 Scoville Alley,prainsdon51@cargocollective.com,243-31-6215,3538949568720323,9/21/1978
183,Bobby,Baldick,19 Carpenter Hill,bbaldick52@so-net.ne.jp,381-26-2706,6759531559527883258,4/29/1974
184,Oriana,Yakunin,00 Grover Way,oyakunin53@house.gov,680-50-7552,5007665792046155,5/24/1964
185,Marja,Windows,51 Westend Center,mwindows54@about.me,755-22-7621,501819883084460325,8/24/1976
186,Harald,Suffield,9864 Anzinger Park,hsuffield55@cnbc.com,469-87-7636,6304517669276720,4/9/1988
187,Chrysler,Semeradova,68706 Oak Valley Avenue,csemeradova56@arstechnica.com,393-51-8819,30400735381796,8/15/1972
188,Dickie,Donaho,80339 Vidon Terrace,ddonaho57@last.fm,239-13-0284,3555692701797703,9/2/1960
189,Annice,Bremeyer,09 Holy Cross Street,abremeyer58@scientificamerican.com,469-35-1562,3547249214051325,3/5/1983
190,Mandi,Beckinsall,3227 Shelley Way,mbeckinsall59@businessweek.com,421-14-4882,3576869161107038,4/10/1985
191,Shanan,Barkes,3483 Clarendon Drive,sbarkes5a@theguardian.com,296-96-0662,5100138330076510,12/21/1985
192,Britteny,Ley,1531 Esker Point,bley5b@miitbeian.gov.cn,428-91-9932,30094542001109,1/12/1975
193,Gerrard,Strutton,99 Florence Road,gstrutton5c@nationalgeographic.com,212-28-9462,3530220742706523,12/3/1971
194,Sterling,Martschke,87353 Sullivan Hill,smartschke5d@ask.com,316-40-2082,493676158472701941,6/14/1979
195,Karina,Kington,59992 Goodland Trail,kkington5e@trellian.com,144-16-2149,56022288237724502,12/28/1975
196,Bernetta,Read,80789 Johnson Place,bread5f@example.com,391-57-9855,3559143901666013,7/20/1977
197,Berthe,Bostick,10 Linden Street,bbostick5g@marriott.com,395-42-4546,67637082437587080,11/2/1966
198,Abraham,Sebrens,87701 West Parkway,asebrens5h@globo.com,635-56-3647,5002351156226387,2/19/1981
199,Gianni,Feighry,8 Novick Pass,gfeighry5i@1und1.de,220-97-0578,3579722793193727,8/29/1983
200,Leilah,Slator,388 Bowman Point,lslator5j@ucla.edu,466-31-0529,3534815303673719,1/25/1972
201,Glory,Falloon,0278 Division Place,gfalloon5k@netlog.com,875-03-0090,3561414150637997,10/29/1965
202,Lindsay,Forsyde,7 Meadow Vale Crossing,lforsyde5l@ehow.com,698-37-7289,6380958717556357,6/26/1974
203,Kaiser,Wallas,61 Surrey Circle,kwallas5m@mediafire.com,820-55-6215,36466615763548,8/8/1977
204,Linea,Petican,2427 Holy Cross Terrace,lpetican5n@sohu.com,856-77-1923,5602251495273178513,7/4/1967
205,Cherise,Grigolashvill,074 Dahle Drive,cgrigolashvill5o@upenn.edu,776-41-7161,3556047927856115,8/30/1980
206,Kingsly,Sakins,7 Del Sol Terrace,ksakins5p@nytimes.com,376-80-4498,3534621284910827,1/2/1979
207,Catlin,Wackley,31 Golf Place,cwackley5q@harvard.edu,253-25-8876,3531761051743259,1/9/1974
208,Sher,Brehault,0 Erie Road,sbrehault5r@accuweather.com,853-85-1346,3540700573283955,8/3/1986
209,Bennett,Umfrey,385 Montana Place,bumfrey5s@state.tx.us,265-77-3738,3560471555455715,7/14/1962
210,Hedwig,Trotter,909 Comanche Junction,htrotter5t@google.it,429-19-0076,5610732573145033,9/15/1982
211,Flore,Mattheissen,9 Menomonie Court,fmattheissen5u@merriam-webster.com,120-88-4771,4903315817222039,3/26/1963
212,Wilma,Nesbitt,07 Main Hill,wnesbitt5v@yale.edu,353-91-1925,4175006862183553,2/1/1984
213,Brade,Hardern,881 Summer Ridge Junction,bhardern5w@google.it,169-57-4369,5610782955670868,10/18/1974
214,Vilhelmina,McGreay,056 Brickson Park Place,vmcgreay5x@google.ca,604-51-3973,36087430490495,9/17/1965
215,Shelia,Halt,76362 Mariners Cove Circle,shalt5y@cam.ac.uk,146-84-5571,3529205715731403,1/28/1962
216,Ulrich,Pybus,6 5th Way,upybus5z@mozilla.org,299-35-6264,341993895682452,10/23/1984
217,Joann,Jorat,6889 Crowley Plaza,jjorat60@a8.net,688-15-1462,3534795357724982,2/13/1980
218,Ferguson,Ffrench,94772 Corry Avenue,fffrench61@dyndns.org,550-78-6218,337941237570865,2/20/1989
219,Niles,Bennedsen,17 Fair Oaks Circle,nbennedsen62@ca.gov,861-96-9010,560225888085191112,10/31/1984
220,Sophi,Echallier,71 Utah Point,sechallier63@google.de,598-95-5995,3588942536719054,4/13/1979
221,Nicole,Fryett,87 Waxwing Pass,nfryett64@elegantthemes.com,138-16-5960,3581751896851069,6/11/1988
222,Kleon,Ruppertz,1 Maple Crossing,kruppertz65@google.com.br,670-74-5438,5602255370482516,6/5/1984
223,Deva,Millsap,86 Elmside Circle,dmillsap66@cafepress.com,449-95-8918,630461558354168521,7/16/1961
224,Conney,Zealey,34 Delladonna Road,czealey67@bluehost.com,274-12-0030,5100145288607790,5/19/1988
225,Dyann,Lenihan,367 Melby Lane,dlenihan68@auda.org.au,487-62-9438,4066437871277,8/26/1961
226,Aviva,Screeton,41139 Rockefeller Avenue,ascreeton69@e-recht24.de,282-20-1189,3542779279117756,10/19/1983
227,Hanson,Rajchert,366 Stuart Court,hrajchert6a@gizmodo.com,579-95-4181,67632223627979829,8/18/1962
228,Fionnula,Dewett,346 Gina Avenue,fdewett6b@seesaa.net,509-15-1697,3539880002382447,10/8/1978
229,Hewet,Ide,820 Arapahoe Court,hide6c@wordpress.org,554-38-2542,3531767013129503,5/27/1986
230,Clerkclaude,Crimes,95 Leroy Park,ccrimes6d@macromedia.com,158-67-9016,3540049526768666,6/13/1967
231,Deena,Pritty,32 Miller Trail,dpritty6e@spiegel.de,101-56-0283,5602235098427407,1/12/1990
232,Nadeen,Wiggam,77969 6th Trail,nwiggam6f@theglobeandmail.com,749-68-0606,3579741832321933,5/25/1969
233,Elga,Bennallck,301 Melody Crossing,ebennallck6g@mediafire.com,856-86-2754,4101627745579573,8/9/1973
234,Marilin,Woolmore,9 Jenna Hill,mwoolmore6h@ox.ac.uk,526-36-2719,5048370245590906,3/2/1976
235,Caitlin,Jeanequin,48930 Reindahl Way,cjeanequin6i@google.pl,620-35-8414,5602239499444219,10/29/1979
236,Ad,Whitehorne,51763 Northwestern Park,awhitehorne6j@i2i.jp,189-07-3012,5602248467585242,12/10/1980
237,Sean,Blackmuir,4522 Clove Park,sblackmuir6k@zdnet.com,246-43-4503,5108758843179618,10/30/1960
238,Correy,Gronow,243 Lakewood Gardens Hill,cgronow6l@yahoo.com,398-97-2115,3575368522492412,8/30/1969
239,Malynda,Andreichik,3880 Pierstorff Park,mandreichik6m@livejournal.com,818-83-1870,3576175163876145,2/11/1968
240,Eran,Legh,74150 Birchwood Junction,elegh6n@amazon.co.jp,227-91-4660,50383142288749122,4/18/1983
241,Alix,Rymell,0193 Erie Court,arymell6o@unesco.org,280-74-5077,3574781399610604,10/26/1961
242,Brina,DeSousa,6436 Mariners Cove Parkway,bdesousa6p@uiuc.edu,806-27-9566,3573429105330171,10/5/1963
243,Wolf,Yearsley,045 Melody Road,wyearsley6q@examiner.com,321-41-9066,372301924229786,2/21/1978
244,Timmie,Kolodziej,9445 Ramsey Street,tkolodziej6r@reuters.com,796-64-0023,30337808931422,2/26/1984
245,Ursuline,Smeuin,9 Northridge Trail,usmeuin6s@google.com.au,166-92-5488,3576341740462771,9/6/1966
246,Agnes,Rooney,17936 Pierstorff Place,arooney6t@mashable.com,458-50-4356,490393556869594415,11/21/1969
247,Morley,Paridge,4 Graceland Road,mparidge6u@amazon.co.jp,552-60-7496,3588273770462593,8/24/1967
248,Lishe,Chellam,2 Jana Junction,lchellam6v@zdnet.com,226-78-5745,201493730156043,11/30/1974
249,Audry,Wainscot,40 Talmadge Place,awainscot6w@about.me,379-22-2896,3540582959604644,7/29/1961
250,Imogen,Borzone,83444 Eggendart Avenue,iborzone6x@ftc.gov,414-11-2058,337941848094958,9/25/1981
251,Amanda,Toke,33 Sunbrook Trail,atoke6y@cdc.gov,337-78-5641,503879368916337563,10/23/1966
252,Itch,Valintine,92 Elka Park,ivalintine6z@wufoo.com,848-15-8227,3537264313487652,1/16/1961
253,Cece,Hamman,06787 Dunning Road,chamman70@soundcloud.com,483-92-2208,4175007748427461,2/2/1979
254,Haywood,Fydoe,94737 Dennis Park,hfydoe71@miibeian.gov.cn,218-20-0537,4026605819334754,5/15/1977
255,Andra,Sandever,567 Kinsman Junction,asandever72@wired.com,819-55-0962,374288501503758,12/16/1981
256,Torie,Steven,98676 South Road,tsteven73@ft.com,392-61-3646,5602258414721030,5/7/1983
257,Tallulah,Faux,0760 Canary Road,tfaux74@cyberchimps.com,488-57-3503,3565159336705277,12/29/1966
258,Moreen,Slowcock,49 Eastwood Center,mslowcock75@google.nl,847-68-5515,3578049117067358,5/22/1972
259,Hedwiga,Natalie,4193 Corscot Trail,hnatalie76@seesaa.net,778-99-4691,5498593861869974,10/22/1986
260,Bogart,Nornable,828 Moland Circle,bnornable77@istockphoto.com,127-30-3915,36052476053771,1/12/1963
261,Gerta,Tedorenko,20 Killdeer Street,gtedorenko78@wiley.com,713-35-8479,6331105109087309965,4/9/1979
262,Duky,Peasegod,34 Sheridan Park,dpeasegod79@cpanel.net,314-65-1039,4917460999102999,6/24/1984
263,Osmund,By,932 Mendota Park,oby7a@livejournal.com,801-50-1307,4844532402588200,10/31/1962
264,Rube,Jaquet,9 Artisan Hill,rjaquet7b@yahoo.co.jp,894-19-6360,4026139634302614,4/6/1963
265,Emmi,Nisco,35677 Delladonna Alley,enisco7c@example.com,530-91-5999,3583150518860939,3/28/1973
266,Neils,Clewlow,34 Vidon Lane,nclewlow7d@qq.com,719-82-7477,6385358360852440,2/14/1965
267,Otes,Petty,11235 Burrows Trail,opetty7e@webs.com,892-60-5594,3543641905787643,6/17/1963
268,Anna,Forrester,1891 Dayton Lane,aforrester7f@home.pl,563-66-0562,3573178534139915,5/5/1979
269,Paolina,Tough,357 Northridge Way,ptough7g@cdc.gov,686-81-2660,6333722073932588,10/23/1962
270,Buiron,Ouslem,289 Arizona Junction,bouslem7h@php.net,272-13-4093,6333837067456038824,2/4/1977
271,Tammie,Waud,0 Wayridge Place,twaud7i@cyberchimps.com,149-79-4661,3587026530434786,12/10/1972
272,Lora,Spurge,652 Declaration Hill,lspurge7j@instagram.com,853-90-2674,3531008445313245,10/15/1965
273,Matthaeus,Chadburn,15234 Graceland Crossing,mchadburn7k@163.com,347-98-8250,3563678339922821,3/8/1963
274,Benoit,Khoter,53 Moose Crossing,bkhoter7l@smugmug.com,897-80-7708,6304222301755005,10/16/1967
275,Johnath,D'Errico,04 Bowman Drive,jderrico7m@yandex.ru,136-87-1980,4913544035325955,5/31/1972
276,Ann-marie,Dunkinson,306 Northridge Circle,adunkinson7n@chicagotribune.com,157-18-2031,5610797687881567,2/18/1969
277,Kristian,Ailmer,83744 Lake View Park,kailmer7o@wikispaces.com,494-65-9552,630448122730867344,11/13/1971
278,Rhianna,Enos,803 Packers Plaza,renos7p@skyrock.com,176-61-8706,3532702023973524,9/7/1976
279,Lief,Stangroom,2212 Chinook Lane,lstangroom7q@g.co,407-50-0711,30080655588008,7/28/1965
280,Efrem,Ionnidis,6275 Lien Alley,eionnidis7r@yahoo.com,561-99-5187,374288055893381,3/17/1963
281,Selle,Nolin,02530 Victoria Street,snolin7s@census.gov,209-68-5889,30392255332293,7/15/1978
282,Armand,Sutheran,2948 Troy Lane,asutheran7t@wisc.edu,285-57-4099,3533179155575956,3/2/1968
283,Malory,Borrows,46 Montana Trail,mborrows7u@ucla.edu,353-28-9823,3578745491707481,8/10/1979
284,Marji,Goddard,23844 3rd Plaza,mgoddard7v@opera.com,136-12-7456,30077203441854,8/5/1984
285,Faythe,Tansly,5658 Waubesa Way,ftansly7w@technorati.com,179-29-8649,5038580476486200,9/18/1980
286,Mariele,Skelhorn,2 Superior Trail,mskelhorn7x@constantcontact.com,480-41-6698,4508910159571180,7/5/1966
287,Wilone,Dell Casa,50317 Lake View Center,wdellcasa7y@blogger.com,132-10-5518,6370780317642938,6/10/1977
288,Ailsun,Kieran,5592 Lien Avenue,akieran7z@yandex.ru,800-01-8542,3573501942765155,1/12/1966
289,Felice,Jannings,7995 New Castle Crossing,fjannings80@exblog.jp,262-26-3007,3548200849317077,11/20/1977
290,Katee,Stairmond,47118 Lakeland Avenue,kstairmond81@msn.com,673-29-9833,4911384886346665,2/20/1966
291,Abigale,Hachette,11 Dahle Point,ahachette82@cisco.com,158-13-4197,3551564503076111,2/7/1985
292,Arty,Brauner,7915 Darwin Way,abrauner83@amazon.co.jp,252-64-2203,3584210819827794,11/3/1968
293,Clemmie,Tilmouth,20 Merrick Street,ctilmouth84@comsenz.com,316-14-4998,589395695796679936,6/18/1978
294,Ara,Whatley,9 Katie Lane,awhatley85@chicagotribune.com,776-09-6958,5108757227798902,4/8/1961
295,Ansley,Belliss,0 Dixon Park,abelliss86@typepad.com,617-73-1485,564182862710913110,10/26/1982
296,Dita,Aloshechkin,6 Sachtjen Drive,daloshechkin87@hugedomains.com,722-72-1192,3562585953096819,1/12/1978
297,Lulu,O'Kinneally,2834 Doe Crossing Circle,lokinneally88@cbc.ca,546-89-4953,5427587393284203,9/8/1979
298,Amber,Fries,737 Merry Alley,afries89@globo.com,390-98-2586,6384103019134118,12/2/1974
299,Ahmed,Hollow,9 Memorial Crossing,ahollow8a@engadget.com,658-20-3874,5048379387960553,5/30/1981
300,Etan,Stobbes,59699 Drewry Plaza,estobbes8b@vimeo.com,138-08-9715,5038342507507283907,11/6/1963
301,Alvin,Everleigh,8 Comanche Court,aeverleigh8c@irs.gov,298-86-2342,3581462859308713,3/12/1970
302,Pammi,Mosey,45657 Lotheville Street,pmosey8d@spiegel.de,140-31-8285,374288884419200,3/13/1986
303,Jaclin,Postlethwaite,0296 Mandrake Park,jpostlethwaite8e@arizona.edu,620-52-6000,5610957142751400593,1/5/1982
304,Jed,Bartunek,9 Sullivan Park,jbartunek8f@gizmodo.com,615-92-5784,3552073559124931,7/17/1982
305,Frans,Shacklady,3988 South Point,fshacklady8g@pbs.org,592-22-0419,3532929039176699,8/25/1960
306,Viviene,Cleatherow,30906 8th Hill,vcleatherow8h@amazon.co.uk,542-95-0441,3574596856651689,1/4/1969
307,Wynn,Scrannage,8 Granby Pass,wscrannage8i@loc.gov,727-58-9603,5108752157799392,2/18/1978
308,Jonah,Van Castele,6 Kennedy Point,jvancastele8j@gmpg.org,775-50-8723,4508291938282096,1/6/1986
309,Jeanine,Briggdale,4 Farragut Court,jbriggdale8k@google.fr,220-96-2816,3552454777098380,7/28/1983
310,Lucky,Dragonette,2040 Brown Trail,ldragonette8l@printfriendly.com,769-60-3289,3530570996751991,10/24/1976
311,Latrina,Cotterel,87 Sloan Avenue,lcotterel8m@livejournal.com,534-92-0495,3528422370341037,6/21/1966
312,Corrie,Caulier,009 Parkside Center,ccaulier8n@wired.com,778-61-6352,5221075836839955,6/26/1978
313,Che,Brecher,19211 Lien Road,cbrecher8o@weather.com,548-77-9449,3537448614795869,7/30/1975
314,Joleen,Caswill,73050 6th Alley,jcaswill8p@blogger.com,530-82-9050,3569527725958184,10/9/1975
315,Abbi,Eastcourt,2 Sunnyside Drive,aeastcourt8q@163.com,600-75-6537,201659829577824,12/26/1971
316,Gerick,Ganter,0842 Cardinal Lane,gganter8r@bloglovin.com,797-39-1097,3571337031236713,4/20/1963
317,Janette,Becks,7 Kennedy Crossing,jbecks8s@constantcontact.com,100-30-2349,3548341648600279,5/15/1972
318,Kippie,Ancliffe,0270 Holy Cross Lane,kancliffe8t@toplist.cz,174-22-3050,5392826074374185,12/24/1982
319,Lemar,Dumblton,66 Eliot Trail,ldumblton8u@t.co,361-85-3633,3550319633712692,9/1/1978
320,Dede,Dollard,43683 Lotheville Circle,ddollard8v@imgur.com,242-79-5321,36089460980841,2/15/1970
321,Tiff,Stubbs,2 Buhler Avenue,tstubbs8w@goodreads.com,557-90-6913,3575093755053299,8/12/1983
322,Petey,Anglish,70 Wayridge Terrace,panglish8x@redcross.org,874-30-2587,6759485240602796899,10/17/1962
323,Jackelyn,Bonsul,0508 Memorial Drive,jbonsul8y@google.ru,583-35-6211,5602213548865435,8/15/1962
324,Tracie,Greson,6079 Kropf Street,tgreson8z@jimdo.com,724-45-3724,337941096018691,10/28/1985
325,Inessa,Myott,70493 Rieder Avenue,imyott90@ucoz.com,176-76-2006,5602227080313877,9/23/1971
326,Cissiee,Jaycock,019 Veith Plaza,cjaycock91@techcrunch.com,342-66-7262,5641820006952480,6/18/1961
327,Kikelia,Tomlins,9928 Kim Circle,ktomlins92@tripadvisor.com,365-37-0846,4601686303757281,5/15/1965
328,Norean,Debill,52 Mosinee Street,ndebill93@apache.org,456-48-9022,30542910448096,1/25/1983
329,Danya,Labden,636 Derek Place,dlabden94@1688.com,230-91-1781,201937448651976,1/8/1977
330,Katherina,Aberdeen,64401 Lyons Parkway,kaberdeen95@bandcamp.com,582-31-6258,63049366022100594,12/6/1971
331,Edmund,Leftridge,4 Butterfield Plaza,eleftridge96@google.com.au,630-30-7934,0604277842569133,11/10/1971
332,Chucho,Guerrier,08 Scott Court,cguerrier97@whitehouse.gov,297-09-0736,4917545106426800,5/7/1981
333,Viviana,Ludron,909 Dennis Parkway,vludron98@usa.gov,356-75-0861,3529385002693969,12/11/1983
334,Burk,Hargreves,0792 Forest Dale Drive,bhargreves99@ycombinator.com,317-26-0359,5602212243236736,5/6/1973
335,Lindie,Kasbye,301 Mesta Pass,lkasbye9a@w3.org,802-89-7821,633391039118838963,5/19/1986
336,Robert,Meatyard,4984 Cascade Pass,rmeatyard9b@digg.com,361-77-0243,4508779799154909,7/23/1979
337,Pren,Corley,8 Portage Alley,pcorley9c@alibaba.com,441-65-0833,3587523545308450,11/26/1962
338,Addy,Speaks,78 Gateway Road,aspeaks9d@vistaprint.com,113-01-3148,3562441668566078,9/29/1985
339,Harwell,Dovington,2209 Nobel Center,hdovington9e@guardian.co.uk,879-09-8925,5602249183807584977,8/2/1970
340,Rudolf,Pamment,6 Lerdahl Parkway,rpamment9f@smugmug.com,357-96-3223,5415898951357867,2/4/1972
341,Merna,Tacker,18343 Caliangt Hill,mtacker9g@hibu.com,642-06-4820,6334892972127051124,10/12/1970
342,Layla,Fleetham,04 Meadow Vale Lane,lfleetham9h@xing.com,113-29-2348,3556593822044497,5/16/1976
343,Erasmus,Standell,98716 Del Sol Hill,estandell9i@accuweather.com,574-12-5304,5540311168904271,2/15/1972
344,Pierrette,Gockeler,0476 Maple Pass,pgockeler9j@flavors.me,689-41-8831,3544773166852888,11/16/1980
345,Rene,Suscens,3262 Ridge Oak Place,rsuscens9k@amazonaws.com,684-89-3970,30179336254285,7/7/1964
346,Livvie,Dron,7795 Spenser Plaza,ldron9l@feedburner.com,126-21-8840,3583347788683898,9/21/1967
347,Babara,Seabright,75 Schiller Trail,bseabright9m@usda.gov,426-46-6631,3574524298331579,3/25/1988
348,Sheena,Pilley,767 Graceland Street,spilley9n@cargocollective.com,200-64-0839,4405273880348236,6/15/1988
349,Lezlie,Ordelt,33008 Surrey Street,lordelt9o@statcounter.com,250-35-4596,3548996840028635,6/7/1980
350,Marius,Cassey,9 Thackeray Center,mcassey9p@epa.gov,735-38-8641,374283826410482,10/2/1980
351,Trumann,Colrein,7032 Artisan Alley,tcolrein9q@jimdo.com,559-17-4263,5002350948322116,11/5/1983
352,West,Burleton,827 Dixon Crossing,wburleton9r@4shared.com,114-89-3717,676120869056962863,3/4/1982
353,Tomas,Hankey,4 Little Fleur Drive,thankey9s@ucoz.com,815-73-0767,5100172759366565,10/24/1960
354,Lindsey,Inmett,0714 Duke Place,linmett9t@ovh.net,360-04-1111,5602251078581485,9/1/1972
355,Anabella,Aleksankov,78985 Lien Place,aaleksankov9u@freewebs.com,622-78-9421,3571159119088190,1/13/1990
356,Germain,Maddock,4259 Mcbride Plaza,gmaddock9v@facebook.com,819-95-5998,5602256801729954,9/23/1977
357,Alaric,Fairtlough,81 Loomis Plaza,afairtlough9w@oracle.com,745-95-4633,50385754339977862,1/12/1962
358,Osbert,Flaune,288 Stone Corner Park,oflaune9x@marketwatch.com,295-98-0901,5602240549095399,3/6/1971
359,Ossie,Lemanu,29392 Scofield Point,olemanu9y@uol.com.br,218-94-8660,5108756838995428,6/5/1967
360,Bernete,Boatswain,193 Sherman Hill,bboatswain9z@patch.com,730-52-8710,4041372893594,2/9/1972
361,Rickert,Mooney,6844 Garrison Center,rmooneya0@fda.gov,333-01-2616,3536020061343930,1/8/1974
362,Robinetta,O'Doireidh,171 Tony Street,rodoireidha1@reddit.com,785-83-3783,3578741584155241,10/30/1976
363,Oralie,Sewter,96052 Garrison Way,osewtera2@1und1.de,631-34-8936,4175007093924054,8/20/1965
364,Boyce,Cropp,181 Shelley Pass,bcroppa3@artisteer.com,164-43-7985,3575286554480479,6/5/1972
365,Mic,Cereceres,38683 Erie Park,mcereceresa4@topsy.com,818-58-1935,4041377384466,5/2/1976
366,Pris,Dubose,5230 Bluestem Lane,pdubosea5@cdc.gov,513-64-0361,5378398357557348,5/28/1962
367,Gilbertine,Dowyer,24153 Towne Road,gdowyera6@storify.com,726-53-0558,3552830272869617,8/7/1987
368,Raimundo,Flaonier,01515 Ludington Plaza,rflaoniera7@jugem.jp,566-88-6885,3529590344218074,6/18/1974
369,Cecelia,Hannent,67 Claremont Center,channenta8@instagram.com,718-36-2538,56022424256070101,1/8/1974
370,Dorris,Esome,9140 Magdeline Alley,desomea9@wp.com,479-82-8364,5100133909356161,12/11/1963
371,Lotte,Branford,0 Raven Avenue,lbranfordaa@biblegateway.com,734-87-6134,5247241292788108,6/5/1987
372,Rudie,Snap,9 Emmet Hill,rsnapab@yahoo.co.jp,731-37-9682,3560623443921221,9/4/1977
373,Carolynn,Rampling,04 7th Parkway,cramplingac@vistaprint.com,516-24-4304,5602214346857046,10/29/1984
374,Winnie,Dwelly,4602 Mosinee Place,wdwellyad@rambler.ru,536-92-6478,372301021772878,8/6/1987
375,Mayne,Itzkov,91 Jana Hill,mitzkovae@google.fr,835-62-1785,3560381801702093,9/10/1986
376,Kleon,Dewane,851 Vermont Drive,kdewaneaf@eepurl.com,158-33-4745,3583991835428516,9/19/1970
377,Fidole,Womack,61 Arizona Hill,fwomackag@mapy.cz,514-81-1080,3547240887159768,9/17/1979
378,Gerti,Howgill,9418 Hollow Ridge Alley,ghowgillah@jigsy.com,162-80-7638,676375675132925499,6/21/1974
379,Johnathon,Adriano,21 Claremont Park,jadrianoai@a8.net,153-56-6734,374288180261926,7/16/1967
380,Jarvis,Cromar,1 Sauthoff Trail,jcromaraj@themeforest.net,253-02-3838,50181330668240267,10/8/1976
381,Van,Hannent,42082 Judy Road,vhannentak@springer.com,780-92-5135,6761016951295973,6/29/1970
382,Elsbeth,D'Aubney,53 Donald Avenue,edaubneyal@fotki.com,401-50-5675,6706109142152770190,11/7/1985
383,Allen,Grabban,08235 Meadow Ridge Terrace,agrabbanam@desdev.cn,104-82-5425,3570817659696489,6/26/1971
384,Allyn,Gallienne,4 Amoth Crossing,agalliennean@ocn.ne.jp,894-38-8767,630493716399615664,4/9/1984
385,Corella,Wem,3 Glacier Hill Road,cwemao@webmd.com,855-90-4796,3583623386457376,6/21/1972
386,Ava,Gerrey,55311 Cascade Lane,agerreyap@comcast.net,527-29-9418,5576243796313400,12/9/1970
387,Kort,Roscamps,51109 Paget Alley,kroscampsaq@godaddy.com,137-92-8834,4405039741753405,2/2/1961
388,Zachary,Clemes,5 Warbler Plaza,zclemesar@fastcompany.com,274-66-5911,56022250558886955,1/17/1962
389,Kailey,Simoneau,186 Lawn Drive,ksimoneauas@google.com,347-70-6150,50209832080003049,12/27/1965
390,Willamina,Oager,983 Colorado Street,woagerat@state.tx.us,736-64-9085,6381258055805279,3/18/1974
391,Crosby,Landrieu,615 Mendota Point,clandrieuau@smugmug.com,485-48-1267,4913179778909440,3/15/1978
392,Giffard,Cullinane,841 Waywood Circle,gcullinaneav@blogs.com,590-25-1660,4913301094323730,9/13/1975
393,Laurie,Tallet,7197 Aberg Avenue,ltalletaw@cnbc.com,323-35-1467,4913879501922194,9/30/1970
394,Susanne,Stanford,91 Sherman Hill,sstanfordax@about.me,400-59-7331,56022130000897356,10/8/1967
395,Marybeth,Pellew,344 Mockingbird Way,mpelleway@un.org,558-20-3016,5602232016676199,9/18/1968
396,Lorenzo,Glasscott,64 Glendale Trail,lglasscottaz@nih.gov,550-73-3986,67719380390456371,11/20/1979
397,Rodina,Carrett,3483 Swallow Road,rcarrettb0@geocities.jp,707-69-9612,30039791860945,4/13/1983
398,Job,Glasebrook,11 Novick Way,jglasebrookb1@google.ca,278-27-6409,56109079852019187,3/24/1985
399,Annalise,Stanway,875 Laurel Place,astanwayb2@istockphoto.com,491-67-6397,3569644809330337,12/6/1976
400,Maryanna,Banton,901 Loomis Lane,mbantonb3@webmd.com,769-39-6114,4913549798447524,4/16/1973
401,Mathilde,Anear,754 Anzinger Parkway,manearb4@ustream.tv,144-62-6225,3564426225096287,5/21/1982
402,Blondie,McAloren,59 Northland Way,bmcalorenb5@samsung.com,343-97-5375,3549888530462282,6/8/1970
403,Modesty,Kenford,539 6th Way,mkenfordb6@mail.ru,111-07-8650,3544070822869665,1/10/1975
404,Martita,Impett,2 Elka Place,mimpettb7@360.cn,552-63-3052,4917772274031689,4/26/1961
405,Thorny,Clail,59 Dexter Alley,tclailb8@yahoo.com,716-47-2523,3577400500883847,3/24/1975
406,Jewelle,Lazare,08148 Brown Hill,jlazareb9@cbc.ca,565-98-2597,3572075821735754,7/19/1965
407,Cherish,Dwerryhouse,047 Evergreen Hill,cdwerryhouseba@barnesandnoble.com,450-57-9607,4903125170114208301,11/27/1962
408,Ardys,Delamaine,546 Stephen Trail,adelamainebb@soundcloud.com,346-43-9096,3547332694791238,4/21/1971
409,Chery,Matuszyk,811 Tennyson Place,cmatuszykbc@barnesandnoble.com,743-65-9065,3548110983834607,9/25/1973
410,Morey,Kitney,11 Prairie Rose Hill,mkitneybd@nps.gov,853-30-6242,560224081472403313,5/27/1987
411,Collie,Yokley,78 Onsgard Center,cyokleybe@rediff.com,132-48-3246,5893055510836727516,7/26/1961
412,Clark,Vallis,49 Ramsey Avenue,cvallisbf@sciencedirect.com,884-23-3460,4911835747074499,5/9/1962
413,Manon,Rosellini,02054 Michigan Parkway,mrosellinibg@wikispaces.com,693-29-6132,6762462570625711116,7/31/1982
414,Phedra,Hobden,1 Oakridge Plaza,phobdenbh@exblog.jp,489-75-3826,3530296657727381,5/31/1972
415,Tibold,Labbez,5168 Homewood Park,tlabbezbi@icq.com,598-08-8765,3584302147965899,2/11/1990
416,Doralynn,Ivanichev,127 Green Ridge Place,divanichevbj@skyrock.com,124-46-7045,3532021969902789,6/12/1988
417,Nicoli,Barthelet,837 Porter Pass,nbartheletbk@rambler.ru,858-12-3365,4913885784261853,8/13/1974
418,Colly,Bartelot,59 Esch Street,cbartelotbl@mit.edu,829-44-2714,3569253941656052,5/11/1978
419,Madalena,Guidi,6047 Meadow Ridge Drive,mguidibm@narod.ru,258-17-8229,36645593277155,2/4/1965
420,Rene,Proschek,39066 Lake View Street,rproschekbn@yale.edu,486-62-5941,5100139713802324,9/17/1961
421,Jennette,MacKilroe,208 Monument Road,jmackilroebo@dagondesign.com,836-27-4748,3567996980865602,12/21/1970
422,Quinn,Shovell,9867 Annamark Street,qshovellbp@ezinearticles.com,482-09-2166,6391053206561105,3/1/1982
423,Matthus,Tourot,65 Forest Avenue,mtourotbq@fema.gov,216-98-5292,3565094293461939,8/1/1973
424,Marlena,Starie,69 Pleasure Court,mstariebr@macromedia.com,568-16-9363,6385048818882657,10/16/1976
425,Gaylord,Philpott,54784 Sloan Court,gphilpottbs@shinystat.com,344-01-9793,560225120727888339,2/21/1978
426,Helge,Jayes,9696 Haas Road,hjayesbt@tmall.com,551-37-2599,3575202977584276,2/3/1983
427,Lem,Leighfield,515 Mitchell Drive,lleighfieldbu@freewebs.com,279-51-4570,5362444669655673,12/16/1978
428,Brit,Gaylor,1703 Fallview Center,bgaylorbv@army.mil,855-69-5287,5575918067680089,1/27/1963
429,Rhetta,De Caville,9 Lyons Crossing,rdecavillebw@godaddy.com,259-51-5547,67065729690093856,6/11/1972
430,Killian,Joyner,20642 Autumn Leaf Trail,kjoynerbx@godaddy.com,564-07-8819,3549385995781124,3/22/1968
431,Niven,Redwing,9080 Amoth Plaza,nredwingby@msn.com,450-24-1562,6331100787637652557,3/7/1964
432,Jerrie,Medway,77 Pennsylvania Trail,jmedwaybz@deliciousdays.com,432-27-4056,201459633051748,11/20/1975
433,Helenelizabeth,Dabernott,9363 Express Crossing,hdabernottc0@google.pl,190-92-4904,3575944920141130,4/14/1962
434,Xenos,Gercke,634 Johnson Point,xgerckec1@examiner.com,751-09-6977,4743497577369483,12/12/1964
435,Augusta,Urpeth,0201 Spenser Crossing,aurpethc2@shareasale.com,369-90-1499,201693121234677,8/4/1980
436,Orly,Buffey,8317 Pawling Lane,obuffeyc3@tripadvisor.com,550-83-0276,3567412803342472,3/20/1988
437,Morey,Starte,3 Pawling Place,mstartec4@ucsd.edu,442-22-8591,30514372182133,9/22/1967
438,Waylin,Berrie,1 Coleman Center,wberriec5@miibeian.gov.cn,324-95-2409,4175001899681547,3/6/1967
439,Karina,Goom,6435 Hoard Crossing,kgoomc6@cloudflare.com,305-20-1417,5359609248556338,10/19/1988
440,Catina,Lanbertoni,00 Garrison Way,clanbertonic7@reverbnation.com,566-68-4059,201559393178605,10/25/1986
441,Elsinore,Fazzioli,54 Badeau Terrace,efazziolic8@jalbum.net,851-15-4813,3576240491181376,5/31/1978
442,Steve,Bayles,85293 Buhler Pass,sbaylesc9@twitter.com,735-64-2246,5396187325468615,3/14/1974
443,Bell,Osgar,4011 Vidon Avenue,bosgarca@hexun.com,394-90-1564,3552716237746893,5/28/1981
444,Isabel,Magrannell,212 Oak Valley Crossing,imagrannellcb@marketwatch.com,802-37-4285,4905987671416208545,2/28/1965
445,Thedrick,Spatoni,00758 Tomscot Place,tspatonicc@howstuffworks.com,645-69-8144,4175008647842404,8/12/1969
446,Tristam,Kenford,6 Tony Center,tkenfordcd@jalbum.net,297-86-6609,5002356865411139,7/22/1977
447,Alejandrina,Sciacovelli,75 Bartelt Alley,asciacovellice@msn.com,601-46-8363,3563351967660481,2/25/1972
448,Ericha,Rastall,72416 Algoma Trail,erastallcf@altervista.org,554-67-0630,3588873807786292,5/26/1964
449,Cobb,Dominey,95 Schlimgen Crossing,cdomineycg@gmpg.org,575-05-8615,3545526195717145,1/16/1982
450,Zacharie,Ullyott,84 Harbort Junction,zullyottch@zimbio.com,501-26-0237,4041372808899,4/21/1979
451,Kat,Polding,209 Sauthoff Center,kpoldingci@disqus.com,517-72-7054,3556217449407867,6/15/1974
452,Judy,Macer,9755 Northwestern Place,jmacercj@imdb.com,680-83-9618,3531451927948601,8/21/1975
453,Tades,Madsen,9966 Valley Edge Junction,tmadsenck@ft.com,659-64-1130,3575070248552020,10/21/1962
454,Porter,Cronshaw,8 Scott Park,pcronshawcl@rakuten.co.jp,308-14-8095,3550312653797073,9/19/1975
455,Rois,Whymark,679 Hollow Ridge Hill,rwhymarkcm@disqus.com,570-21-0475,3537549543214532,9/28/1971
456,Humbert,Kynge,146 Eliot Hill,hkyngecn@spiegel.de,427-71-8044,3554268312317859,2/7/1979
457,Eba,Tweedlie,09311 Sachtjen Center,etweedlieco@instagram.com,502-67-6744,5010124380628482,5/23/1963
458,Zahara,Eadmeads,6 Aberg Place,zeadmeadscp@imdb.com,825-60-3363,6370303478067934,2/26/1987
459,Fredi,Spirritt,2 Buhler Drive,fspirrittcq@epa.gov,485-15-6424,3587929931507870,4/4/1977
460,Lilith,Vannar,67 Stone Corner Way,lvannarcr@washingtonpost.com,672-84-8956,5100144836333694,3/25/1989
461,Guilbert,Aldus,7 Blaine Hill,galduscs@ning.com,586-70-0775,3539918162785320,4/21/1982
462,Flore,Svanetti,4 Old Gate Park,fsvanettict@phoca.cz,295-59-2170,3552847150414191,4/16/1974
463,Wendall,Jonin,73 Lunder Lane,wjonincu@github.io,679-43-4725,3538373355492519,8/27/1984
464,Launce,Jerrim,5504 Gina Park,ljerrimcv@ucoz.ru,310-36-4258,3567215859177738,7/1/1978
465,Gwyn,Caunce,67048 Brown Junction,gcauncecw@cam.ac.uk,238-79-7097,675934694172535205,4/21/1982
466,Corella,Fall,7380 Sutherland Drive,cfallcx@eepurl.com,537-67-8142,372301303708525,9/13/1967
467,Der,Scoffham,03 Dexter Avenue,dscoffhamcy@sun.com,316-84-4780,50200075345445022,5/5/1976
468,Lenci,Yallowley,78 Glacier Hill Lane,lyallowleycz@deliciousdays.com,265-44-5167,201774746246187,6/7/1986
469,Ingaborg,Tipling,80 Merry Street,itiplingd0@cbc.ca,239-20-1324,4911798519348111641,8/12/1975
470,Kirbee,Fitzackerley,3864 Pleasure Center,kfitzackerleyd1@amazonaws.com,465-55-0488,67710655649508687,5/15/1981
471,Katharine,MacDuffie,5 Scott Trail,kmacduffied2@issuu.com,193-08-5810,30056941239002,11/14/1974
472,Mandy,Rizzetti,8 Anhalt Place,mrizzettid3@statcounter.com,466-47-0913,3582663108657987,2/3/1977
473,Perceval,Cariss,572 Hallows Way,pcarissd4@squidoo.com,106-77-1532,374283153957279,6/7/1968
474,Violetta,Joost,91575 Erie Hill,vjoostd5@123-reg.co.uk,345-07-0350,3583985057430317,12/3/1989
475,Minerva,De Bruyne,9 Knutson Junction,mdebruyned6@xing.com,483-88-7148,5602238844850153,11/8/1970
476,Fabien,Narducci,73250 Di Loreto Junction,fnarduccid7@disqus.com,302-25-3264,5602212071512968,9/7/1961
477,Dalt,Tripney,29 Fieldstone Avenue,dtripneyd8@ask.com,748-49-5898,3547133373857427,9/8/1969
478,Orland,Konke,909 Linden Crossing,okonked9@kickstarter.com,477-51-5150,3574595626528151,5/24/1961
479,Sal,Ravenhills,6 Kennedy Trail,sravenhillsda@imageshack.us,583-65-5701,676753162924725991,11/28/1962
480,Gabe,Gniewosz,6027 Logan Plaza,ggniewoszdb@un.org,866-92-3233,6396120772520503,5/18/1967
481,Emmie,Littledyke,2 Onsgard Center,elittledykedc@imgur.com,781-67-4340,5048378405472450,4/3/1972
482,Patty,Fredi,62602 Arizona Hill,pfredidd@wisc.edu,663-55-6506,3546323461737653,3/8/1984
483,Valentino,Jaram,28532 Boyd Pass,vjaramde@51.la,811-85-1220,3544082882605103,8/9/1965
484,D'arcy,Woodwing,77443 Stephen Road,dwoodwingdf@blogger.com,180-87-7611,3572834342080383,5/3/1986
485,Luther,Agget,036 Pearson Alley,laggetdg@flickr.com,640-66-4786,3563199381337065,10/1/1982
486,Jackelyn,Springthorpe,11 Superior Place,jspringthorpedh@cam.ac.uk,482-77-1231,4903512042948133578,8/17/1979
487,Baird,Ladel,876 Becker Pass,bladeldi@craigslist.org,880-15-3589,3564196073202101,5/6/1983
488,Donnie,Tailby,6 Lake View Avenue,dtailbydj@shop-pro.jp,597-84-4949,3553203836011663,11/16/1982
489,Daniel,Cone,04 Waxwing Junction,dconedk@sina.com.cn,801-55-4706,3581478892520205,5/28/1983
490,Kelley,Hendron,33237 Starling Street,khendrondl@thetimes.co.uk,856-06-1478,3583681289162766,11/9/1964
491,Carly,Relf,2185 Pleasure Circle,crelfdm@fema.gov,572-16-4734,3555694663570508,8/26/1988
492,Rona,Ilbert,10 Farragut Road,rilbertdn@dedecms.com,146-95-0364,6395598743468970,7/14/1977
493,Gloriana,Snowsill,84780 Gina Road,gsnowsilldo@wix.com,432-46-8673,3532011405926641,7/5/1980
494,Papagena,Munt,3 Colorado Park,pmuntdp@networksolutions.com,564-88-9145,3578285903213885,1/1/1961
495,Cob,Wisbey,5 Blue Bill Park Park,cwisbeydq@a8.net,513-52-3685,3569463712788519,5/20/1986
496,Mareah,Crake,7960 Forest Dale Park,mcrakedr@umich.edu,724-54-9165,5588122554277815,3/9/1973
497,Devin,Clamo,32288 Judy Avenue,dclamods@g.co,279-41-2424,5108757856226050,3/20/1964
498,Ozzy,Sifflett,452 Briar Crest Alley,osifflettdt@wiley.com,683-64-9381,3528113216303246,5/1/1979
499,Teodorico,Hartle,2 Lillian Place,thartledu@phpbb.com,245-04-3179,3587678997322183,2/15/1968
500,Jenilee,O'Carran,78739 Moland Plaza,jocarrandv@hp.com,537-27-0348,50180309802604357,12/14/1987
501,Petunia,Innott,792 Milwaukee Center,pinnottdw@myspace.com,829-39-9168,30347362297201,1/17/1980
502,Linette,Cranfield,888 Buell Drive,lcranfielddx@a8.net,336-60-0650,4508953629612101,12/11/1984
503,Donia,Skittreal,97093 Roth Point,dskittrealdy@pagesperso-orange.fr,278-60-2251,30259801580065,4/18/1980
504,Tommy,Towell,7617 Jay Court,ttowelldz@xrea.com,435-88-3416,5602238974172378,6/27/1984
505,Vivi,Tilford,63 Scofield Drive,vtilforde0@slideshare.net,876-67-6528,373452749799245,9/5/1965
506,Emily,Curnnokk,420 Bluestem Point,ecurnnokke1@multiply.com,283-04-8269,4844144434962104,7/17/1982
507,Lonee,Palatini,39073 Center Plaza,lpalatinie2@mapquest.com,872-96-5936,5100176772895104,1/15/1961
508,Ashly,Goodburn,55903 Roth Avenue,agoodburne3@nps.gov,188-82-4964,3584291708049930,10/7/1980
509,Virginia,MacNeil,119 Orin Point,vmacneile4@boston.com,890-75-8236,3571142586301973,9/22/1965
510,Julee,Scanterbury,60400 Ridgeway Street,jscanterburye5@flickr.com,749-07-0403,3574603318782183,4/20/1963
511,Ase,Undrell,21919 Havey Circle,aundrelle6@godaddy.com,303-64-4373,3549264484809789,2/17/1982
512,Walden,Kemsley,86142 Everett Court,wkemsleye7@xrea.com,162-23-6184,3587320343160898,8/26/1977
513,Sloane,Shillinglaw,786 Moulton Terrace,sshillinglawe8@usnews.com,801-68-4231,3566662033855732,11/6/1989
514,Lilla,Niset,9618 Morningstar Alley,lnisete9@shinystat.com,574-77-1420,3536544869534077,10/14/1983
515,Zabrina,Cubbit,33 Bayside Place,zcubbitea@about.me,149-78-8052,3574461650762580,12/18/1983
516,Minna,Pirrey,1285 Thierer Drive,mpirreyeb@walmart.com,423-80-9161,67637666545408724,12/20/1969
517,Leonard,Carrodus,6562 Kings Road,lcarrodusec@walmart.com,873-56-2333,3556942532223299,7/16/1965
518,Rudolf,Osband,0 Mifflin Pass,rosbanded@vkontakte.ru,116-70-2264,6394518461867964,9/10/1986
519,Magdaia,Bushrod,02 Summer Ridge Park,mbushrodee@diigo.com,857-88-5773,3539248818686148,11/30/1974
520,Michele,Benettini,75692 Acker Road,mbenettinief@ted.com,112-69-9662,3536094101338374,6/25/1970
521,Jemmie,Smallsman,224 Rockefeller Street,jsmallsmaneg@sciencedirect.com,366-77-2677,5602223231216994,3/16/1982
522,Belinda,Cordeiro,815 Scoville Crossing,bcordeiroeh@scribd.com,115-73-6295,3543590391580527,6/5/1969
523,Kenny,Reuble,5 Farragut Street,kreubleei@prnewswire.com,643-60-1731,3550605367488982,1/12/1982
524,Gayel,Plinck,43 Claremont Road,gplinckej@posterous.com,424-76-8193,3579011533337087,2/6/1987
525,Alon,Aiskrigg,83 Sycamore Drive,aaiskriggek@google.cn,665-95-2175,30599166053004,8/28/1989
526,Blinni,Sweeny,43 Bowman Plaza,bsweenyel@accuweather.com,624-71-6951,4917748662170321,12/31/1980
527,Red,Londors,748 Melvin Junction,rlondorsem@cyberchimps.com,113-85-2110,3542026949617694,9/24/1988
528,Jeddy,Diviney,684 Northridge Way,jdivineyen@rambler.ru,669-98-1446,490345667177335018,9/15/1983
529,Hunter,Karpol,42839 Westridge Alley,hkarpoleo@facebook.com,602-50-7910,3535511561865274,4/21/1969
530,Augusto,Shackleford,17188 Grim Plaza,ashacklefordep@wix.com,629-07-0278,3565668216111687,6/5/1968
531,Marcus,Ogelsby,50574 Nevada Point,mogelsbyeq@cyberchimps.com,594-42-0049,341846586615142,6/25/1968
532,Aube,Kiledal,43 Columbus Terrace,akiledaler@drupal.org,127-24-4087,670656821917166460,12/20/1967
533,Jaclyn,De La Cote,78 Scoville Point,jdelacotees@ted.com,705-36-8684,5602214466963269,2/1/1961
534,Bethena,Watson-Brown,7661 Cherokee Lane,bwatsonbrownet@nytimes.com,584-24-4037,3539338849318157,3/13/1962
535,Morgan,Courtese,4 Messerschmidt Avenue,mcourteseeu@sphinn.com,120-88-4150,3540998967696119,10/23/1973
536,Petronille,McGinny,37431 Buhler Road,pmcginnyev@ca.gov,306-17-0699,4175001748305793,3/6/1980
537,Elbert,Kettley,38682 Cottonwood Place,ekettleyew@mail.ru,431-70-5599,3583732009317501,11/17/1967
538,Georg,Prosh,92833 North Alley,gproshex@ox.ac.uk,365-37-7296,5198312064013956,9/7/1974
539,Berty,Coulbeck,1140 Lakeland Circle,bcoulbeckey@dot.gov,134-29-7114,3556241598503912,12/22/1965
540,Ber,Flanagan,0 Onsgard Circle,bflanaganez@dmoz.org,885-72-6982,67613539785926879,7/14/1989
541,Heriberto,Harbord,55683 Hermina Center,hharbordf0@biblegateway.com,330-53-8096,6767463078891362687,3/20/1975
542,Lesly,Willard,40 Lillian Park,lwillardf1@nbcnews.com,186-26-4737,4026169694396172,12/16/1987
543,Brittni,Millott,4 Basil Terrace,bmillottf2@moonfruit.com,818-95-3754,3537075943683761,9/28/1986
544,Bevon,Holehouse,4 Scoville Way,bholehousef3@globo.com,743-15-0439,675919216780726635,5/7/1988
545,Kaila,Scedall,08 Artisan Way,kscedallf4@livejournal.com,387-42-9118,3548913214294818,12/13/1970
546,Laina,Prickett,861 Delaware Junction,lprickettf5@ifeng.com,165-50-6652,6372810345184732,7/31/1960
547,Modesty,Pitcher,56 Stephen Street,mpitcherf6@nydailynews.com,893-86-8723,3583801258446160,11/10/1960
548,Lila,Kirtlan,7030 Manley Point,lkirtlanf7@upenn.edu,673-78-3429,6762192917675746,3/19/1972
549,Sharity,Bonanno,264 Village Green Court,sbonannof8@live.com,830-90-2797,30038731108894,3/27/1973
550,Rayner,Caig,34455 Eggendart Circle,rcaigf9@constantcontact.com,263-04-8871,3569116570743360,12/2/1974
551,Elvira,Putley,72679 Mayer Way,eputleyfa@flickr.com,413-71-1400,50204809595369235,4/26/1979
552,Ellen,Tonkes,962 Darwin Alley,etonkesfb@princeton.edu,664-32-4191,4017953123724307,5/6/1961
553,Quintilla,Garcia,3 Warner Parkway,qgarciafc@mysql.com,237-04-5901,4844637728911935,5/10/1966
554,Phillipe,Wike,16 Autumn Leaf Crossing,pwikefd@paypal.com,520-65-7636,3586116070266440,11/11/1963
555,De witt,Le Moucheux,72 La Follette Hill,dlemoucheuxfe@is.gd,273-46-9232,5610049936549946,7/8/1968
556,Frasquito,Coopman,01975 Center Center,fcoopmanff@princeton.edu,183-97-5030,676107846082872545,11/5/1970
557,Theodoric,Akehurst,01728 Clove Plaza,takehurstfg@exblog.jp,158-92-0842,5641827301997624738,6/26/1967
558,Lucia,Dionsetto,95983 Mockingbird Pass,ldionsettofh@imdb.com,602-78-1640,3589650043378202,8/11/1966
559,Norine,Tombleson,07835 Mcbride Point,ntomblesonfi@unblog.fr,125-38-4277,5602257910874350,2/13/1963
560,Willy,Prandin,324 Onsgard Way,wprandinfj@ask.com,387-44-7511,3569949831235119,11/27/1961
561,Hermann,Thunder,1125 Blaine Road,hthunderfk@pinterest.com,734-56-3896,3546373689519177,6/10/1968
562,Heddi,Delacroux,1487 Melrose Way,hdelacrouxfl@yandex.ru,755-98-6831,3572181207470386,9/3/1963
563,Eb,Gwilliams,589 Mariners Cove Way,egwilliamsfm@opera.com,391-85-7698,3531952694332283,8/22/1989
564,Penelopa,Freda,7 Rockefeller Alley,pfredafn@hubpages.com,888-32-8923,5610050836476917,1/5/1977
565,Siobhan,Veal,983 Corscot Drive,svealfo@moonfruit.com,561-18-1837,201533458528236,11/21/1973
566,Kenna,Ivy,32193 Grim Crossing,kivyfp@w3.org,539-54-4985,374622376855143,1/6/1976
567,Annette,Bramford,95 Raven Way,abramfordfq@dot.gov,442-48-9865,5491134089271953,4/11/1968
568,Kalila,Dodge,2485 Everett Junction,kdodgefr@discuz.net,650-94-2206,3585931053252626,9/28/1977
569,Inness,Shelf,82160 Clove Point,ishelffs@chicagotribune.com,314-15-6848,3555412875372054,5/25/1964
570,Traver,Charlot,67 Mallard Drive,tcharlotft@telegraph.co.uk,505-48-0202,6377333649163257,8/3/1974
571,Michelle,Shelmardine,631 Cherokee Center,mshelmardinefu@ebay.com,117-87-5590,5100135092888165,6/13/1979
572,Laurella,Golagley,27872 Cambridge Place,lgolagleyfv@jigsy.com,521-87-9295,3569093615179589,6/3/1988
573,Maurice,Sherrum,3 Schlimgen Crossing,msherrumfw@census.gov,724-86-8119,370551443042597,9/17/1964
574,George,Roke,40717 Eagan Pass,grokefx@xing.com,523-82-2149,201570235457693,9/14/1974
575,Kevan,O'Lehane,02567 Hollow Ridge Street,kolehanefy@moonfruit.com,665-99-0729,0604111325643935,9/18/1974
576,Nicko,Letrange,02066 Mcbride Street,nletrangefz@bloomberg.com,220-82-2646,5048374600249868,3/13/1969
577,Berte,Trittam,82186 Grim Circle,btrittamg0@guardian.co.uk,758-78-0717,3532310012530311,9/20/1962
578,Marti,Crombie,7564 Kennedy Plaza,mcrombieg1@altervista.org,227-62-0170,3573207411795216,9/3/1962
579,Sancho,Cardenas,4 Westerfield Circle,scardenasg2@cisco.com,230-34-8179,6706378763976146707,9/23/1968
580,Teador,Gradley,6390 Kingsford Street,tgradleyg3@furl.net,650-02-0915,6304147429994881543,5/10/1983
581,Kellyann,Dainter,056 Chive Street,kdainterg4@un.org,479-20-4039,3554192773994255,8/21/1986
582,Ludovika,Graybeal,5837 Summerview Point,lgraybealg5@whitehouse.gov,454-26-8832,3563803270710791,7/28/1974
583,Mitchael,Frigot,020 Commercial Avenue,mfrigotg6@infoseek.co.jp,711-90-8560,3555434557669946,8/15/1964
584,Viviene,McCorkindale,33952 Buena Vista Hill,vmccorkindaleg7@blogger.com,376-93-3383,5893195815149734,3/17/1973
585,Karoly,Klein,1 Bultman Pass,kkleing8@unblog.fr,540-45-9425,6763907052020674,3/27/1979
586,Ealasaid,Beed,293 Lakewood Lane,ebeedg9@deliciousdays.com,321-75-1967,676243803709483938,11/11/1976
587,Tim,Simkin,18 Morning Avenue,tsimkinga@princeton.edu,623-62-7206,3587166300308289,11/6/1974
588,Mozes,Laborda,0 Loomis Junction,mlabordagb@economist.com,231-13-2000,344092456859018,5/18/1961
589,Pen,McCullum,6729 Crowley Center,pmccullumgc@stumbleupon.com,893-43-5333,56022447538689695,1/27/1990
590,Ellswerth,Niave,3845 Mcbride Trail,eniavegd@csmonitor.com,733-31-8755,3532352026792560,12/27/1982
591,Maje,Imms,88479 Dixon Road,mimmsge@nifty.com,805-33-5629,6761112936678742744,12/25/1975
592,Rand,Bewicke,05 Vera Center,rbewickegf@altervista.org,254-32-2600,4936230094580148951,1/28/1963
593,Chadd,Kelson,754 Ridge Oak Plaza,ckelsongg@arstechnica.com,528-62-3441,3558307655528411,10/25/1976
594,Ameline,Janouch,842 Old Shore Center,ajanouchgh@amazon.co.uk,249-21-0604,3542309363275649,2/18/1989
595,Tessa,Keher,0 Hooker Parkway,tkehergi@multiply.com,671-56-1407,3557018383565416,10/30/1970
596,Urbano,Tole,7042 Macpherson Parkway,utolegj@princeton.edu,620-91-9176,5641820841143766,8/23/1963
597,Tobe,Reynoldson,7 Trailsway Street,treynoldsongk@surveymonkey.com,873-25-9698,3539616201035513,2/18/1975
598,Guido,Crumby,9567 Lighthouse Bay Center,gcrumbygl@blog.com,853-84-9167,4508324999614889,1/3/1972
599,Koren,Banasiak,1 Gale Terrace,kbanasiakgm@drupal.org,667-57-2908,3544936198060016,5/15/1977
600,Roberta,Liquorish,8557 Spaight Crossing,rliquorishgn@ucla.edu,534-03-8724,201934703806429,12/1/1973
601,Corly,Byford,134 Sycamore Street,cbyfordgo@patch.com,672-95-3260,670645625048240365,8/3/1964
602,Yankee,Liebmann,61 Ludington Road,yliebmanngp@pen.io,225-59-6222,30004500330127,11/27/1969
603,Briney,Duthy,598 Forest Road,bduthygq@cdc.gov,830-59-3695,3559754304946404,1/15/1970
604,Evangeline,Jolin,6198 Algoma Circle,ejolingr@salon.com,748-84-3392,67595654292192055,12/13/1988
605,Vanda,Peagram,2 Delaware Street,vpeagramgs@earthlink.net,544-70-6653,3550886436347330,6/28/1974
606,Adelheid,Reis,65 Bayside Place,areisgt@github.io,293-87-6504,30001248836688,5/6/1983
607,Claresta,Berceros,285 Stone Corner Junction,cbercerosgu@dailymotion.com,766-14-0140,5593570526652817,11/7/1963
608,Ignace,Spikings,624 Anniversary Crossing,ispikingsgv@aboutads.info,783-60-8052,5602216247519732,9/9/1987
609,Alie,McNaught,22 Eggendart Parkway,amcnaughtgw@webmd.com,328-01-6662,3589045742321530,10/1/1976
610,Gayla,Kendal,4188 Moulton Terrace,gkendalgx@nature.com,867-05-5631,3559674691500145,7/31/1963
611,Farlay,Painter,46047 Burning Wood Trail,fpaintergy@wikia.com,746-06-5726,4844600620040294,3/1/1988
612,Pincas,Howse,6 Farwell Junction,phowsegz@paginegialle.it,159-47-6763,3573268343660993,8/3/1983
613,Raffarty,Swatman,403 Arapahoe Place,rswatmanh0@csmonitor.com,520-17-1772,5610663671692974,7/22/1984
614,Kermie,Chesters,266 Summerview Drive,kchestersh1@fastcompany.com,632-11-5943,6759987213440801,11/7/1965
615,Osmond,Allabarton,933 Corscot Pass,oallabartonh2@washington.edu,885-71-1492,374288980266448,7/6/1964
616,Karena,Phythian,5 John Wall Pass,kphythianh3@live.com,231-50-2619,3551362278895272,4/28/1971
617,Reid,Lukash,354 Buhler Hill,rlukashh4@pinterest.com,729-50-4640,348404423497960,10/7/1975
618,Zorine,Gilliland,61926 Myrtle Terrace,zgillilandh5@bloglovin.com,370-23-8472,4026239672339120,12/25/1979
619,Quint,Melding,952 Northland Circle,qmeldingh6@trellian.com,624-89-5077,3571657368537494,9/24/1962
620,Kelsi,Logsdale,83076 Westport Alley,klogsdaleh7@homestead.com,543-48-1966,348898153083587,4/30/1977
621,Fredelia,Roach,6 Buena Vista Hill,froachh8@elpais.com,698-67-7526,6759311079342920371,6/29/1965
622,Lola,Capinetti,8469 Annamark Center,lcapinettih9@japanpost.jp,695-14-2077,4885042793034,8/22/1985
623,Morgana,Shellshear,521 Mcbride Alley,mshellshearha@cbsnews.com,362-22-6905,3563398760523002,4/28/1963
624,Vasili,Fronek,11790 Crest Line Way,vfronekhb@irs.gov,135-10-4099,3560100042341275,10/24/1963
625,Nicholle,Earry,289 Duke Alley,nearryhc@accuweather.com,313-21-7986,201744586125924,11/1/1981
626,Jess,Leger,94 Jana Point,jlegerhd@typepad.com,864-57-8389,3544493113198570,9/11/1972
627,Winny,Crawshaw,74 Sycamore Plaza,wcrawshawhe@wisc.edu,581-69-7222,3588365913890290,1/31/1964
628,Maybelle,Luna,12485 Sundown Court,mlunahf@businessweek.com,710-80-8093,6386023928469256,1/10/1981
629,Beverlie,Smale,01149 Doe Crossing Street,bsmalehg@weebly.com,710-29-7866,4026115598198776,10/29/1985
630,Emylee,Lackney,5810 Sunbrook Point,elackneyhh@phoca.cz,665-32-5486,3567508117131277,9/30/1989
631,Kalvin,Branwhite,53345 Mccormick Hill,kbranwhitehi@pcworld.com,283-60-1138,3554454788197245,1/7/1985
632,Adriana,Jannings,9658 Portage Parkway,ajanningshj@about.me,602-86-3866,3588716706984288,8/17/1986
633,Archambault,Durant,7 Marcy Park,aduranthk@engadget.com,628-67-1608,5100170183783355,12/11/1967
634,Wenonah,Ourtic,8487 Sutherland Trail,wourtichl@comcast.net,735-66-5899,3537763934996561,2/10/1962
635,Obadiah,Noddles,65713 Emmet Lane,onoddleshm@friendfeed.com,734-34-7009,4913302101753414,6/13/1962
636,Clovis,Netherclift,80 Scoville Road,cnetherclifthn@auda.org.au,672-77-5394,3528521853082669,12/17/1987
637,Franciska,Vitet,828 Graceland Avenue,fvitetho@sourceforge.net,884-74-0702,36413527769437,12/2/1987
638,Vivia,Hector,885 Dwight Hill,vhectorhp@t-online.de,499-34-6764,377126052227079,8/25/1968
639,Demott,Syers,1 Sloan Junction,dsyershq@smh.com.au,891-54-4834,3580105579258905,5/3/1971
640,Marleah,Coslitt,6 1st Hill,mcoslitthr@china.com.cn,233-78-2501,5242024055934415,5/29/1987
641,Salomo,Ellington,09 Linden Park,sellingtonhs@list-manage.com,494-20-1399,3529358823303449,2/28/1976
642,Zachary,Marchington,69 Roxbury Street,zmarchingtonht@narod.ru,236-56-1477,343951796990406,9/26/1978
643,Nadean,Torbeck,61377 Sycamore Center,ntorbeckhu@smugmug.com,683-76-2133,6389988734935293,12/9/1985
644,Frannie,Strain,59 Johnson Circle,fstrainhv@odnoklassniki.ru,802-16-7495,3539743774970346,7/29/1983
645,Darice,Beminster,2 Briar Crest Point,dbeminsterhw@fda.gov,698-36-4864,5602237487404082184,2/6/1961
646,Farra,Chiswell,8 Texas Drive,fchiswellhx@symantec.com,696-45-3508,4917086701504931,8/20/1960
647,Beniamino,Antcliff,1925 Corry Hill,bantcliffhy@shareasale.com,480-68-2659,374108586629775,5/17/1964
648,Traver,Yaxley,94499 Manley Point,tyaxleyhz@dropbox.com,485-30-2169,374622081443714,1/24/1967
649,Gwendolyn,Paris,4 Troy Street,gparisi0@technorati.com,634-71-1766,201574079883634,9/24/1969
650,Leda,Vasilic,811 Cambridge Crossing,lvasilici1@wiley.com,819-61-2646,3534568340055107,2/22/1985
651,Ximenes,Woolmer,0385 Lindbergh Pass,xwoolmeri2@apple.com,823-47-1569,5108757413781654,11/11/1965
652,Harrison,Bernucci,66 Mariners Cove Park,hbernuccii3@pbs.org,153-03-5128,3531810971822253,8/30/1982
653,Hamil,McLevie,946 Milwaukee Street,hmcleviei4@about.com,580-06-8497,3569743380270258,11/5/1987
654,Mateo,Brewers,63 Parkside Street,mbrewersi5@baidu.com,734-85-5118,3588549183581644,3/4/1975
655,Yuma,Dyche,41 Shopko Junction,ydychei6@canalblog.com,460-80-6589,5002354577197302,6/8/1974
656,Fredericka,Ivankov,7 Tennyson Crossing,fivankovi7@yellowbook.com,595-23-9366,3565410063267035,5/21/1970
657,Caralie,Charnick,478 Village Green Way,ccharnicki8@dagondesign.com,814-84-4743,3542798476571805,6/26/1972
658,Ezechiel,Blainey,73749 Butterfield Crossing,eblaineyi9@mozilla.com,717-12-6885,3577194776897637,12/17/1966
659,Car,Teaze,5917 Brentwood Terrace,cteazeia@uol.com.br,894-62-2616,3534644273510259,9/13/1982
660,Isacco,Tuttle,347 Westerfield Junction,ituttleib@ebay.com,419-10-7598,4041379674955,12/8/1989
661,Burty,Thecham,132 Corry Park,bthechamic@nih.gov,670-33-6175,6331108592068108,6/17/1986
662,Aubry,Nowakowski,9270 Blue Bill Park Junction,anowakowskiid@ted.com,641-08-3424,3534710616210491,11/30/1978
663,Myrlene,Boutton,2 Eastlawn Trail,mbouttonie@answers.com,896-60-8214,5002352822301992,6/4/1966
664,Halette,Courtese,4 Chinook Junction,hcourteseif@microsoft.com,154-80-6906,3559856505386759,11/25/1981
665,Alfons,Tobias,08 Graedel Park,atobiasig@163.com,467-46-3287,3548347018586642,12/11/1973
666,Benton,Duffill,4 Huxley Avenue,bduffillih@gmpg.org,610-36-6290,3582412355726289,9/28/1984
667,Percy,Torpie,27497 Wayridge Circle,ptorpieii@go.com,503-53-9045,3576668478506993,6/23/1981
668,Rocky,Hearst,86539 Sloan Circle,rhearstij@cargocollective.com,181-65-7569,6706343554294718,2/6/1990
669,Keely,Kennington,05 Twin Pines Center,kkenningtonik@4shared.com,536-25-2407,201658959008287,12/2/1988
670,Mireielle,Westmancoat,89 Erie Road,mwestmancoatil@tripadvisor.com,510-79-0510,3540367551597713,1/26/1961
671,Beverly,Seymark,85 Prentice Place,bseymarkim@ox.ac.uk,723-47-0270,4911102258924780,11/30/1961
672,Lynelle,Lindenfeld,3 Leroy Lane,llindenfeldin@jugem.jp,859-31-9582,4913667909125696,11/19/1967
673,Guglielmo,Skellington,7761 Ridge Oak Center,gskellingtonio@livejournal.com,587-72-3048,3544803750294088,2/8/1961
674,Ermentrude,Osborn,4612 Jackson Avenue,eosbornip@unblog.fr,854-31-7411,67628461081823770,10/8/1965
675,Audrye,Todeo,09 Scofield Street,atodeoiq@meetup.com,667-80-9653,3577533152119621,8/6/1980
676,Clement,Lyddyard,23499 Superior Lane,clyddyardir@51.la,503-84-1938,560222080095142011,2/20/1969
677,Devonne,Shelley,7987 6th Court,dshelleyis@weather.com,885-05-0553,3529769510187004,9/27/1979
678,Humfried,Delahunty,6779 Sutteridge Point,hdelahuntyit@free.fr,317-15-9520,5100138014904235,11/22/1982
679,Benjie,Lamperti,9720 Del Mar Center,blampertiiu@example.com,848-13-0569,30009194251273,2/16/1968
680,Caren,Shilladay,4 Arrowood Drive,cshilladayiv@google.cn,618-91-5513,5010122462802322,3/31/1973
681,Nolan,Lapish,809 Marquette Alley,nlapishiw@photobucket.com,139-69-3650,3532267292675895,9/12/1981
682,Ernest,Sarchwell,8114 Evergreen Crossing,esarchwellix@drupal.org,313-98-6778,345809007722158,4/4/1961
683,Ruby,Barthel,79440 Dayton Crossing,rbartheliy@nsw.gov.au,589-25-3338,374283511803751,6/20/1987
684,Sherwood,Spawforth,58608 Kropf Drive,sspawforthiz@sphinn.com,486-52-3533,6763886541942791491,11/19/1961
685,Georgy,Lambrechts,18054 Hazelcrest Pass,glambrechtsj0@linkedin.com,538-89-8756,3539674774507533,10/22/1974
686,Cathleen,Wilsone,367 Independence Pass,cwilsonej1@storify.com,538-70-7915,5048375181937870,4/27/1980
687,Sloan,Huetson,5042 Dayton Point,shuetsonj2@ft.com,475-12-7770,3578769361273119,3/29/1969
688,Aldwin,Plows,6 Monica Hill,aplowsj3@freewebs.com,217-93-8901,374622974303991,8/1/1979
689,Bordy,Keays,73999 Loeprich Crossing,bkeaysj4@theguardian.com,520-13-6681,3548069215376805,11/19/1976
690,Kali,Escale,2131 Dakota Plaza,kescalej5@sogou.com,748-22-0888,5007661635601447,8/17/1985
691,Caryn,Geraldo,00 Dovetail Park,cgeraldoj6@comsenz.com,392-69-8404,5610535298089513,3/8/1989
692,Donnajean,Glison,28017 Emmet Center,dglisonj7@dedecms.com,368-75-3312,5595256726975129,3/18/1984
693,Rhoda,Rea,8119 Sutteridge Street,rreaj8@yelp.com,235-10-8505,3586302310900432,11/18/1979
694,Deeanne,Le land,840 Tennessee Alley,dlelandj9@ted.com,321-52-8497,3532487340438944,1/13/1984
695,Trudi,Dewane,11994 Corscot Circle,tdewaneja@scientificamerican.com,866-38-1372,3555784409444538,1/29/1990
696,Gillian,Roscam,05444 Lillian Trail,groscamjb@unicef.org,274-61-5533,0604982523446820,10/30/1978
697,Lily,Grigore,07 Fieldstone Court,lgrigorejc@foxnews.com,461-77-7079,3556127258628844,5/26/1982
698,Corliss,Tweed,101 Tomscot Way,ctweedjd@dedecms.com,149-24-5587,3579888011726380,5/5/1983
699,Falkner,Birdis,78558 Meadow Valley Alley,fbirdisje@ftc.gov,444-06-4923,5602217773270187,11/26/1979
700,Idette,Conkey,781 Calypso Street,iconkeyjf@businessinsider.com,555-51-1596,6304127084409457456,1/31/1975
701,Stanleigh,Caunter,42208 School Circle,scaunterjg@boston.com,635-40-1348,3564276428424442,11/16/1983
702,Hertha,Bontein,5073 Brown Center,hbonteinjh@icio.us,454-62-9568,5010120827690432,5/31/1987
703,Salvidor,Laval,7 Loftsgordon Alley,slavalji@pbs.org,397-80-4058,3556885149807345,6/3/1976
704,Hogan,Dunleavy,75 Fieldstone Crossing,hdunleavyjj@nhs.uk,146-87-5226,3536201768008998,6/11/1988
705,Codi,Brims,05720 Dexter Place,cbrimsjk@vk.com,521-55-1020,3559981431845874,1/9/1973
706,Debi,Othen,6698 Nobel Terrace,dothenjl@nba.com,186-97-9317,6391261123092514,8/1/1968
707,Lisetta,Davidman,203 Arizona Lane,ldavidmanjm@weather.com,823-59-0861,5585583006235664,5/6/1963
708,Arnoldo,Rolles,3279 Schiller Trail,arollesjn@storify.com,563-91-2953,4026669226901803,4/26/1969
709,Lianne,Kiehl,1 Eastlawn Trail,lkiehljo@guardian.co.uk,767-25-7973,374622400310933,4/12/1981
710,Alex,Pauer,2 Hudson Road,apauerjp@jugem.jp,618-04-8619,5602225576470755,3/21/1983
711,Peg,Heers,3 Banding Terrace,pheersjq@umich.edu,254-62-1362,56022330608083520,1/12/1973
712,Blondie,Cathesyed,20701 Heffernan Park,bcathesyedjr@yolasite.com,746-57-2168,56022316206042216,11/3/1985
713,Minnaminnie,Dearlove,0281 Swallow Point,mdearlovejs@youtu.be,243-97-4277,4508849652478438,1/6/1976
714,Marney,Lehrahan,7 Thierer Point,mlehrahanjt@qq.com,759-06-1120,4041370229589395,4/3/1978
715,Collie,Domenicone,98 Haas Trail,cdomeniconeju@flickr.com,562-71-3037,5602215830449195824,8/17/1986
716,Ceciley,Baysting,6761 Mariners Cove Crossing,cbaystingjv@geocities.com,522-38-0167,3543311905935481,12/5/1974
717,Rosanna,McEttigen,91 Delladonna Point,rmcettigenjw@hexun.com,517-96-6585,4911121066775196099,8/4/1989
718,Kingsley,Mackerness,97627 Warner Street,kmackernessjx@thetimes.co.uk,196-66-9572,3532001092683043,10/5/1980
719,Hobey,Dikels,1 Roxbury Hill,hdikelsjy@blogs.com,171-22-7377,3569516328066487,11/13/1985
720,Lynnea,Mouland,2567 Eagle Crest Terrace,lmoulandjz@yelp.com,296-36-1476,3571999994404057,10/3/1983
721,Cortie,Remmers,79817 Blackbird Drive,cremmersk0@flavors.me,788-79-9640,3551940085866519,4/2/1974
722,Georg,Colegate,94316 South Junction,gcolegatek1@sciencedirect.com,237-39-4539,5602224245853083813,4/23/1962
723,Jan,Allaker,7871 Twin Pines Street,jallakerk2@springer.com,493-79-2202,5320081713924019,2/22/1978
724,Arri,Aiken,39 Buell Street,aaikenk3@1und1.de,463-33-7287,3532156287340062,6/16/1965
725,Jonis,Escritt,85 Schurz Terrace,jescrittk4@sciencedirect.com,292-16-6639,670947147658398057,7/31/1964
726,Rod,Cinelli,26429 Sutteridge Road,rcinellik5@examiner.com,547-79-2357,3548675374982991,4/3/1985
727,Christy,Carnilian,99407 Burning Wood Court,ccarniliank6@ask.com,818-14-0732,4409909491259,6/18/1973
728,Jessalin,Liepmann,5 West Parkway,jliepmannk7@ning.com,396-29-8631,4026663844692761,5/27/1983
729,Kerrill,Gallihaulk,75 Bultman Street,kgallihaulkk8@w3.org,641-47-5629,30323918693334,2/28/1970
730,Gwendolin,Slowgrave,7 Harbort Road,gslowgravek9@delicious.com,311-34-6179,201980150252542,6/30/1961
731,Godard,Shippam,43 Jenifer Parkway,gshippamka@spotify.com,787-30-9784,201774540564900,2/19/1979
732,Loralee,Jeanenet,0 Bultman Street,ljeanenetkb@answers.com,842-34-2848,6331101730441572859,7/2/1975
733,Sigismundo,Kayne,214 Burning Wood Circle,skaynekc@privacy.gov.au,505-97-1346,4017956833400837,4/7/1984
734,Matthew,Farfolomeev,43727 Grover Road,mfarfolomeevkd@mysql.com,723-46-5977,201886507987435,12/28/1978
735,Sonnie,Tomkinson,16 Nevada Pass,stomkinsonke@tmall.com,857-75-3277,30444682156611,10/15/1962
736,Royce,McLauchlin,82 Declaration Center,rmclauchlinkf@unicef.org,553-64-5427,6377379336230362,12/29/1981
737,Gina,McGuire,89 Esch Place,gmcguirekg@java.com,897-67-4233,4026266353611634,5/20/1970
738,Yoko,Rubes,3 Mallory Way,yrubeskh@apple.com,446-66-2829,3576094440811660,12/21/1975
739,Tadd,Folini,8 Algoma Pass,tfoliniki@youtu.be,711-08-2816,5602250441414929,12/4/1972
740,Ava,McKeating,2 Blaine Alley,amckeatingkj@cdbaby.com,158-49-9033,3536773975886887,3/27/1977
741,Carena,Shields,89 Clarendon Park,cshieldskk@buzzfeed.com,105-47-6704,30160576905778,10/3/1965
742,Alain,Haspineall,29836 Londonderry Avenue,ahaspineallkl@csmonitor.com,481-79-4507,3573584605667330,12/15/1972
743,Cullan,Baldocci,85869 Melody Plaza,cbaldoccikm@tripod.com,260-62-4320,344214514420803,8/26/1986
744,Aldridge,Grime,13494 Oak Way,agrimekn@redcross.org,259-08-6605,201403247247748,1/26/1971
745,Whitman,Guisot,42343 6th Center,wguisotko@deviantart.com,626-07-1254,5602232950973667292,4/3/1978
746,Cherish,Matisse,40345 Fallview Plaza,cmatissekp@eventbrite.com,205-16-1685,3570520998816251,3/8/1961
747,Hilly,Youll,49222 Jay Crossing,hyoullkq@e-recht24.de,601-13-6642,060415754410505627,6/11/1966
748,Dennet,Sturney,58 Evergreen Way,dsturneykr@marriott.com,464-87-4373,30527379882752,2/21/1963
749,Madalena,Sket,2 Helena Park,msketks@webs.com,101-03-2100,3530513842250271,9/27/1968
750,Jordana,Celloni,427 Rowland Hill,jcellonikt@europa.eu,173-89-5101,5100142278003072,11/27/1967
751,Chucho,Rudinger,4537 Redwing Parkway,crudingerku@fema.gov,601-89-6711,3532861183143268,3/19/1989
752,Gustavus,Tommeo,1 Spohn Point,gtommeokv@trellian.com,527-73-0793,3585929556146618,1/10/1970
753,Bethena,Haxell,9984 Mallard Park,bhaxellkw@ucsd.edu,696-19-2748,3562741757931509,7/22/1984
754,Roxanna,Matuska,72 North Circle,rmatuskakx@chron.com,160-20-4375,201587722522540,7/22/1978
755,Hermon,Wainman,71431 Hayes Lane,hwainmanky@ted.com,139-20-1925,5152302640574518,1/9/1964
756,Pooh,Farran,4 Westerfield Street,pfarrankz@time.com,507-40-6904,5610811680254126,9/16/1984
757,Lauryn,Molson,7 Eagle Crest Court,lmolsonl0@unc.edu,649-37-3269,67593622934906986,5/17/1963
758,Giovanna,Capron,813 Sommers Hill,gcapronl1@uiuc.edu,182-28-9206,372301238246559,8/6/1977
759,Sacha,Brokenshaw,590 Fairview Road,sbrokenshawl2@theglobeandmail.com,171-61-6330,5002353740503529,4/23/1972
760,Tamas,Mongeot,01 Hansons Circle,tmongeotl3@reference.com,795-72-9359,3536718285148171,7/1/1975
761,Allister,Furzey,4 Oneill Court,afurzeyl4@mozilla.com,372-34-8608,5048376752421351,2/16/1990
762,Sergio,Southard,421 Golden Leaf Plaza,ssouthardl5@eepurl.com,802-01-1681,4905648950906594544,4/5/1972
763,Tait,Caudelier,87207 Declaration Court,tcaudelierl6@nymag.com,511-04-0552,372301668578026,2/10/1964
764,Cirilo,Ainsbury,36 Gina Avenue,cainsburyl7@sun.com,126-83-4143,201616716638945,11/11/1970
765,Anderea,Carnalan,71 Bluejay Terrace,acarnalanl8@google.cn,376-18-9350,3544082036283609,6/28/1982
766,Filia,Iliffe,9 Melrose Parkway,filiffel9@ted.com,269-47-1779,4041373615319,8/16/1973
767,Rooney,Belchamp,39 Ridgeview Circle,rbelchampla@craigslist.org,834-13-6321,374288629661371,6/16/1987
768,Susanetta,Yakov,36 Little Fleur Place,syakovlb@comcast.net,521-74-9657,5038874245253931587,11/8/1988
769,Nesta,Josefsohn,75579 Sugar Street,njosefsohnlc@who.int,114-47-4664,4917291694651752,5/17/1965
770,Vaughn,Gallimore,601 Grasskamp Lane,vgallimoreld@google.com,665-64-7146,201450881260966,10/24/1972
771,Sonya,Philcock,6 Stuart Trail,sphilcockle@sbwire.com,709-52-9044,5108753880866276,5/11/1966
772,Marylin,Headech,54523 Toban Trail,mheadechlf@microsoft.com,500-95-3063,3562822154366042,9/7/1960
773,Grayce,Aymes,6 Armistice Place,gaymeslg@vinaora.com,692-21-7741,4844940868562363,3/10/1990
774,Almeda,Turmel,1 Service Road,aturmellh@google.ru,185-78-5586,5048371191536091,10/30/1960
775,Neddy,O'Fairy,53171 Monica Road,nofairyli@gizmodo.com,296-55-8238,3578244921997292,1/24/1983
776,Brice,Learmonth,5 Shopko Plaza,blearmonthlj@samsung.com,333-80-6458,3584586513432795,1/17/1987
777,Dina,Cassy,4 Manitowish Center,dcassylk@sphinn.com,589-77-1325,4041378303571361,6/12/1976
778,Kristofer,Leyband,9 Sundown Drive,kleybandll@soundcloud.com,251-65-5735,060424692170968297,9/15/1976
779,Chantalle,Purkess,07 Lillian Place,cpurkesslm@live.com,634-07-6452,3533782368563451,12/6/1968
780,Philis,Warne,556 High Crossing Court,pwarneln@i2i.jp,462-09-1035,5893850735175969638,9/1/1989
781,Saunders,Mesias,154 Pankratz Point,smesiaslo@jugem.jp,563-28-8647,341176595092632,7/15/1966
782,Addia,Trussler,7 Barby Alley,atrusslerlp@slideshare.net,222-41-7777,3555358400801150,5/16/1973
783,Scott,Pargetter,76947 Village Green Center,spargetterlq@google.co.jp,676-42-2218,3550031973343133,7/17/1960
784,Gerhard,Snookes,5460 Michigan Alley,gsnookeslr@fc2.com,458-66-1783,5602218732360655,8/25/1981
785,Madella,Ossipenko,2 Sutherland Terrace,mossipenkols@theglobeandmail.com,186-89-2949,30351532878445,5/9/1965
786,Glen,Teale,08 Arapahoe Avenue,gtealelt@washingtonpost.com,205-79-5005,6761830054412861704,11/4/1963
787,Debera,Ladewig,5 Longview Trail,dladewiglu@ifeng.com,252-34-2287,30564237977177,7/14/1987
788,Ced,Kalderon,06 Hooker Way,ckalderonlv@seattletimes.com,129-28-6322,3569051148593049,6/7/1987
789,Melany,Arney,23543 Mcguire Court,marneylw@hhs.gov,619-50-7929,3544111919558587,4/5/1982
790,Alice,Ackers,5 Bartelt Pass,aackerslx@howstuffworks.com,444-72-1215,30288809272284,2/9/1980
791,Odelle,Moult,82796 Green Ridge Avenue,omoultly@ifeng.com,149-38-8858,3541126606615261,10/8/1986
792,Quintana,Cund,0 American Avenue,qcundlz@thetimes.co.uk,597-86-5300,50181418561812405,6/7/1983
793,Giff,D'Onisi,85632 Eastwood Way,gdonisim0@blogs.com,640-85-9170,676786764896768544,5/9/1981
794,Art,MacMeanma,769 Namekagon Way,amacmeanmam1@microsoft.com,508-72-4427,3533437599244971,7/13/1967
795,Ximenes,Oxtaby,718 Dwight Crossing,xoxtabym2@vinaora.com,244-77-5258,3544682897897189,4/30/1981
796,Celeste,Warr,4707 Bartillon Point,cwarrm3@aboutads.info,431-72-7148,5602211271173225,7/27/1961
797,Dorthea,Brunger,98 Thierer Road,dbrungerm4@ycombinator.com,258-73-3171,4405243295820087,4/27/1986
798,Stacee,Joyce,1 Veith Drive,sjoycem5@dailymotion.com,104-22-1929,5048377133769476,8/12/1971
799,Cordula,Benasik,268 Melody Avenue,cbenasikm6@over-blog.com,544-64-7342,201605888276766,6/29/1985
800,Egbert,Pottie,4 Northridge Place,epottiem7@timesonline.co.uk,622-51-9946,676113311829502881,3/29/1979
801,Abbi,Hounsom,02 Dwight Circle,ahounsomm8@spiegel.de,466-03-8261,3578086913315243,10/19/1975
802,Artair,Kaasmann,0219 Marcy Junction,akaasmannm9@thetimes.co.uk,342-82-0727,5641820101438468,4/25/1963
803,Brear,Ninnotti,257 Dixon Parkway,bninnottima@comsenz.com,503-19-6903,3572158692527664,8/10/1982
804,Gunilla,Wanka,2 Rutledge Alley,gwankamb@mtv.com,453-88-1181,5565483774312650,5/17/1964
805,Corrine,Antonio,9 Oriole Terrace,cantoniomc@examiner.com,760-94-4965,5007665205803499,2/5/1972
806,Georgia,Leyre,68 Dexter Pass,gleyremd@hubpages.com,523-86-7426,3589553489822875,6/28/1977
807,Cordy,Ibotson,42 Hoard Way,cibotsonme@google.pl,772-26-5113,3582680000500875,9/3/1966
808,Madonna,Lodwig,2671 Browning Crossing,mlodwigmf@jiathis.com,223-78-8692,677195165660068017,10/10/1977
809,Ali,Cutill,16 Schmedeman Place,acutillmg@linkedin.com,771-57-6441,30492651845128,6/29/1981
810,Nicolas,Alekseev,237 Randy Trail,nalekseevmh@cocolog-nifty.com,412-34-0623,6333200952163556599,7/22/1989
811,Alfons,Chatteris,2807 Sauthoff Way,achatterismi@wp.com,228-67-8859,3584967692533936,1/31/1985
812,Kingsley,Dalgliesh,07435 Claremont Court,kdalglieshmj@dot.gov,849-28-4525,6759179043970062,12/15/1971
813,Giff,Gebbie,95 Rigney Avenue,ggebbiemk@cpanel.net,222-57-5139,3557560129376046,8/11/1962
814,Ralph,Tebald,5 Aberg Crossing,rtebaldml@miitbeian.gov.cn,109-82-8824,30320126161799,4/3/1981
815,Nicolis,Hector,2404 Mifflin Trail,nhectormm@yandex.ru,846-29-2174,4017957660517,3/19/1969
816,Lea,Truter,56751 Becker Circle,ltrutermn@cnbc.com,552-29-5653,3534509855806583,3/13/1962
817,Jaine,Seekings,29 Barby Crossing,jseekingsmo@yolasite.com,888-88-4773,4508981579010802,6/13/1962
818,Gratia,Polycote,9416 Macpherson Plaza,gpolycotemp@trellian.com,861-47-8044,201684244772867,2/25/1977
819,Leone,Sheahan,263 Fair Oaks Junction,lsheahanmq@angelfire.com,790-17-8883,5007669869318315,1/13/1978
820,Ingamar,Tarling,433 Merchant Park,itarlingmr@time.com,578-01-4488,374622068247088,11/10/1975
821,Vachel,Dyball,62670 Cherokee Junction,vdyballms@google.de,194-24-6982,3540928615896480,7/21/1961
822,Cathleen,Insoll,3 Schurz Road,cinsollmt@godaddy.com,403-04-0611,3580490897713587,3/1/1973
823,Ashla,Roger,6 Oakridge Lane,arogermu@home.pl,753-54-2534,5538719823323915,6/16/1964
824,Lucy,Mc Carroll,05 Mariners Cove Pass,lmccarrollmv@google.de,166-38-7650,6331102410894807396,9/29/1968
825,Susette,Rubenovic,63 Sutteridge Drive,srubenovicmw@cdc.gov,226-40-2390,3581602743166013,11/8/1965
826,Peder,Rens,9560 Almo Road,prensmx@histats.com,147-13-4698,3558263995982349,5/22/1972
827,Josephina,Casbourne,6 Sauthoff Terrace,jcasbournemy@twitpic.com,287-52-9961,5002353353696008,12/7/1974
828,Galvan,Brookshaw,6 Fremont Place,gbrookshawmz@vistaprint.com,152-53-6805,6304547155402183216,5/3/1964
829,Fremont,Groger,156 Rowland Terrace,fgrogern0@macromedia.com,854-39-4576,30490356459187,3/20/1977
830,Wren,Madeley,51093 Vermont Lane,wmadeleyn1@time.com,694-98-6990,3575113681069340,8/7/1970
831,Arabelle,Rabbe,2711 Waxwing Point,arabben2@purevolume.com,718-17-3029,670638169514165813,8/14/1964
832,Howey,Cornborough,56158 Sommers Avenue,hcornboroughn3@barnesandnoble.com,453-18-4730,4026659350685371,4/10/1977
833,Rabbi,Flagg,617 Fulton Center,rflaggn4@mlb.com,534-59-3626,3579555476410913,3/28/1986
834,Yoshiko,Hatter,9359 Onsgard Trail,yhattern5@cloudflare.com,306-87-3813,676779017338743388,6/25/1985
835,Aarika,Tincombe,0 Hanson Terrace,atincomben6@japanpost.jp,718-63-4243,5602258205551117,12/6/1967
836,Gunner,Whitmore,706 Harper Place,gwhitmoren7@goodreads.com,232-14-2074,5549271105449544,12/9/1969
837,Yalonda,Isacsson,681 Delaware Junction,yisacssonn8@bbb.org,226-33-0709,3578873587123163,7/5/1965
838,Danna,Pilley,58 School Terrace,dpilleyn9@xinhuanet.com,487-70-0964,3557504164708028,3/22/1990
839,Christophe,Lovstrom,69251 Hansons Trail,clovstromna@youtube.com,683-82-5693,201788502624007,7/23/1974
840,Fredelia,Dalby,51 Lakewood Junction,fdalbynb@sourceforge.net,598-88-5137,3579023884968279,7/24/1964
841,Shirlene,Jupe,4532 Glendale Plaza,sjupenc@eventbrite.com,150-79-4607,3532643695901049,6/11/1979
842,Alessandra,Avrashin,5777 Kingsford Circle,aavrashinnd@imageshack.us,710-59-4526,3550346721636418,1/7/1970
843,Norry,Tolussi,00110 Fieldstone Court,ntolussine@deviantart.com,670-24-8667,3583366847352717,8/17/1972
844,Carver,Claussen,8617 Kenwood Street,cclaussennf@hubpages.com,391-87-5284,5602214673131551,5/28/1985
845,Kendre,Pottie,5205 Graedel Court,kpottieng@bravesites.com,791-38-8663,374283010349496,9/3/1982
846,Ariella,Frantz,61 Lunder Terrace,afrantznh@dion.ne.jp,531-53-1834,4405598401444860,5/24/1986
847,Ferdinanda,Bunhill,07906 Tomscot Way,fbunhillni@theatlantic.com,428-10-3537,6333057860963202013,8/8/1972
848,Dalenna,Brychan,78578 Meadow Ridge Park,dbrychannj@desdev.cn,711-27-1381,56106857730612908,7/2/1982
849,Francisca,O'Heffernan,0 Pond Crossing,foheffernannk@furl.net,326-23-2768,6399270582339920,5/2/1986
850,Auria,Mingo,531 Loomis Center,amingonl@columbia.edu,814-09-4889,3539522191236857,5/1/1979
851,Lavinia,Baraclough,713 Mockingbird Hill,lbaracloughnm@wufoo.com,568-12-8263,6376671181739187,2/16/1977
852,Dalia,Navarro,70 Blackbird Crossing,dnavarronn@patch.com,389-15-2260,5010129471245294,11/5/1988
853,Rachel,Tebbut,84365 Pond Hill,rtebbutno@wufoo.com,114-11-0041,5610396529409693,9/15/1982
854,Ashlan,Derl,294 Mallory Terrace,aderlnp@yahoo.com,199-99-5439,3548716235035189,1/2/1982
855,Rubia,Weatherall,277 Spenser Terrace,rweatherallnq@disqus.com,767-61-1406,30182640777256,3/22/1988
856,Grethel,Trodd,3 Maple Trail,gtroddnr@zdnet.com,851-24-4228,3531250044195207,5/11/1982
857,Lesya,Floyd,247 Kinsman Place,lfloydns@xing.com,610-01-1278,3580128557079721,3/31/1968
858,Moselle,Vautrey,40753 Caliangt Plaza,mvautreynt@xinhuanet.com,432-66-9243,36398851026712,12/4/1988
859,Brade,Fancy,7674 Bartelt Court,bfancynu@spiegel.de,167-34-1635,3568666683025429,10/5/1974
860,Jessi,MacSkeaghan,23 Porter Center,jmacskeaghannv@quantcast.com,399-43-7139,3570239453757351,10/28/1978
861,Ilse,Dunsmuir,5805 Dovetail Place,idunsmuirnw@google.es,622-62-3068,4508483660259463,10/24/1964
862,Kincaid,Kovnot,43 Kropf Avenue,kkovnotnx@amazon.de,825-18-8998,3564399287295750,12/2/1971
863,Adelind,O' Bee,52 Sutteridge Circle,aobeeny@homestead.com,314-61-6098,30413519779713,5/3/1968
864,Gannon,Castello,933 Amoth Point,gcastellonz@yale.edu,752-54-7799,675973938679348386,1/29/1980
865,Betta,Maltby,71 Northview Court,bmaltbyo0@myspace.com,337-13-6472,67090536359712760,11/16/1960
866,Chery,Ferrand,65 Mitchell Terrace,cferrando1@mit.edu,384-12-8848,3565546297704408,5/26/1960
867,Nye,Eastby,8144 Manitowish Parkway,neastbyo2@usnews.com,824-54-0205,3551484860769275,5/7/1965
868,Eugenio,De Metz,93907 Summit Center,edemetzo3@alibaba.com,190-02-7127,30109894993149,8/15/1970
869,Nealson,Davidovitch,661 Butternut Court,ndavidovitcho4@wiley.com,306-21-7361,5602240376546365,1/30/1969
870,Yancey,Cree,348 Charing Cross Center,ycreeo5@msu.edu,119-09-4344,3557358372563000,3/11/1978
871,Willie,Jolin,0 Rieder Avenue,wjolino6@sphinn.com,846-67-4058,3553897195923846,4/11/1964
872,Abagail,Ambler,7 Starling Avenue,aamblero7@jiathis.com,472-42-4722,375253128495969,10/30/1974
873,Adolpho,Letham,5 Lighthouse Bay Way,alethamo8@qq.com,572-09-5236,3560546065604066,7/27/1964
874,Shana,Denyer,319 Anderson Way,sdenyero9@opensource.org,451-01-1757,3572446185578850,7/8/1985
875,Giorgi,Westfalen,63717 Norway Maple Place,gwestfalenoa@tuttocitta.it,508-46-6532,30011386045240,10/26/1986
876,Micheil,Gibbin,0 Lakewood Lane,mgibbinob@intel.com,652-37-2119,5229412654699686,11/23/1982
877,Adriane,Durnford,32918 5th Way,adurnfordoc@mysql.com,240-89-1069,3588659492898124,2/21/1972
878,Byron,Caren,08760 Laurel Plaza,bcarenod@cnbc.com,425-39-6643,4917414013194102,7/30/1964
879,Cordula,Scranney,54132 Sherman Junction,cscranneyoe@sohu.com,661-29-0066,3580608531227835,12/21/1987
880,Marcy,Tansly,469 Melby Park,mtanslyof@wiley.com,538-79-0444,6377305505810361,6/30/1960
881,Lara,Bumphrey,18042 Straubel Point,lbumphreyog@live.com,739-38-5134,3562827812601250,8/15/1960
882,Natassia,Fawthrop,19 Sundown Trail,nfawthropoh@house.gov,511-37-2337,5220409449763289,5/25/1975
883,Gallagher,Pleavin,5622 Vernon Road,gpleavinoi@reference.com,169-11-6044,5602243227653537724,10/27/1968
884,Bernardine,Kelshaw,31451 Forest Run Place,bkelshawoj@gnu.org,200-79-4982,50184103598917891,8/7/1985
885,Jed,Dufall,59 Upham Road,jdufallok@aboutads.info,350-56-1430,6304517933608509996,4/11/1962
886,Myrlene,Hallet,302 Moland Alley,mhalletol@hp.com,535-40-2692,4026521512967099,1/26/1981
887,Ellen,Clayborn,22 Bunker Hill Lane,eclaybornom@unc.edu,210-17-2707,560223558184072693,8/21/1964
888,Ebonee,Grason,84291 Bunting Crossing,egrasonon@amazon.com,778-81-5402,5602243499485800,2/22/1987
889,Gus,Carpmile,688 Merrick Drive,gcarpmileoo@xrea.com,755-33-8438,503811241038405058,4/21/1968
890,Roddy,Manuello,84 Everett Place,rmanuelloop@webeden.co.uk,662-25-7823,3559104273784859,3/8/1983
891,Herminia,Barnsley,011 Autumn Leaf Park,hbarnsleyoq@admin.ch,222-83-2404,6771732040273023201,9/27/1962
892,Anitra,Sickamore,2 Delaware Trail,asickamoreor@oakley.com,354-79-3268,5641828549011680,8/25/1988
893,Ashly,Vigers,98762 2nd Court,avigersos@hostgator.com,782-86-8021,3580975015086197,12/23/1970
894,Maybelle,Flintoff,56 Maple Way,mflintoffot@nba.com,345-14-5598,5539315431124735,3/10/1967
895,Olivie,Sambiedge,02196 Schurz Way,osambiedgeou@disqus.com,765-58-9736,3533082130778481,1/4/1966
896,Marybeth,Rachuig,1 Everett Circle,mrachuigov@usatoday.com,754-37-1205,30202229061433,10/22/1975
897,Laurette,Roston,559 Nova Parkway,lrostonow@npr.org,101-01-0787,3535808354839346,3/27/1962
898,Waldo,Bernhardsson,2 Golf Course Parkway,wbernhardssonox@networksolutions.com,130-66-1313,3573262647736518,3/7/1986
899,Ulrich,Clynman,5 Meadow Valley Trail,uclynmanoy@discuz.net,827-92-1166,4041377213426,4/3/1983
900,Gilli,Sisselot,42648 Division Park,gsisselotoz@4shared.com,627-13-8563,6759462107490080,3/16/1982
901,Margaux,Simion,94284 Lighthouse Bay Center,msimionp0@ask.com,448-69-2634,6333148494720214,1/23/1967
902,Dunc,Marcu,4 Eastwood Alley,dmarcup1@cam.ac.uk,370-70-6782,4405889063778681,9/3/1966
903,Dennie,Robbins,0819 Bashford Way,drobbinsp2@kickstarter.com,485-54-1559,3588889842695496,2/19/1968
904,Curcio,Leeman,757 Riverside Point,cleemanp3@bloomberg.com,480-56-5078,374283428098289,12/14/1984
905,Maribelle,Rivalant,801 Jana Drive,mrivalantp4@hud.gov,859-79-4187,3555981808067247,9/7/1987
906,Annabelle,Gilkes,6054 Talmadge Crossing,agilkesp5@acquirethisname.com,609-60-4193,6759318201328399726,7/2/1988
907,Justina,Di Carlo,0564 Sycamore Junction,jdicarlop6@disqus.com,116-27-1778,3542227540121843,1/2/1976
908,Madalena,Newborn,19757 Upham Place,mnewbornp7@yellowpages.com,768-89-4471,3547412641456778,10/30/1967
909,Ramsey,Pay,3678 Vahlen Parkway,rpayp8@nih.gov,458-10-6755,201411081537603,6/3/1966
910,Vale,Casbolt,2344 Hanover Road,vcasboltp9@utexas.edu,873-70-5653,3568275989146812,2/24/1983
911,Kikelia,Cruess,5 Grim Avenue,kcruesspa@cloudflare.com,487-38-1836,30242293378560,9/26/1984
912,Eirena,Braybrook,84404 Pankratz Pass,ebraybrookpb@studiopress.com,100-64-8792,4026905093774778,7/8/1969
913,Chucho,Dewdeny,82859 7th Point,cdewdenypc@wordpress.org,876-71-1761,6371190166689742,6/25/1966
914,Timothee,Riccione,0042 Tennyson Point,triccionepd@addtoany.com,118-63-5316,6304510574450218604,10/17/1987
915,Rosabel,Horrod,74661 Old Shore Terrace,rhorrodpe@sphinn.com,288-39-4295,3573935801241504,2/13/1986
916,Matti,Charnick,30393 Thierer Avenue,mcharnickpf@rambler.ru,395-53-8811,374622517730353,8/24/1977
917,Bev,Starmore,2297 Oriole Lane,bstarmorepg@wordpress.com,404-34-9039,6333038263731734,3/14/1972
918,Boyce,Dominichelli,9 David Road,bdominichelliph@cornell.edu,630-32-3076,3532602696674898,12/10/1989
919,Benedikta,Egar,6 Veith Center,begarpi@newyorker.com,285-35-8123,6762345027392179731,5/28/1960
920,Andeee,Scullard,25088 Forster Crossing,ascullardpj@biglobe.ne.jp,602-31-2029,3567462514168955,1/25/1969
921,Annora,Osant,85 Raven Hill,aosantpk@cam.ac.uk,290-77-9005,676229922276736318,10/27/1960
922,Conroy,Spread,621 Harper Way,cspreadpl@tmall.com,242-84-1345,5020116597883262,10/7/1981
923,Florie,Pembery,7504 Sachs Avenue,fpemberypm@si.edu,292-99-4549,4026704091816487,8/27/1982
924,Tuesday,Rowntree,7 Roth Circle,trowntreepn@nih.gov,118-62-7831,3532863179978103,8/9/1966
925,Page,Golightly,74 Shopko Center,pgolightlypo@europa.eu,728-85-0413,3572253704284543,3/16/1984
926,Lorne,Langmuir,9 Northview Plaza,llangmuirpp@pen.io,847-46-1939,3580358213869328,10/16/1967
927,Jacinthe,Redmire,6 Nevada Crossing,jredmirepq@flavors.me,687-98-3079,4175006242015673,5/12/1962
928,Gael,Orgee,9 Mockingbird Trail,gorgeepr@weather.com,522-14-3300,633456740131238758,12/18/1985
929,Tull,Havis,63 Division Lane,thavisps@xing.com,863-43-5553,5142733132821400,10/21/1987
930,Sax,Fairtlough,3 Kingsford Point,sfairtloughpt@about.me,702-12-7876,6334380453463515,2/21/1968
931,Judith,Whittuck,748 American Drive,jwhittuckpu@google.ru,427-20-4834,5406458663778941,12/12/1960
932,Harv,Scoble,9456 Butterfield Crossing,hscoblepv@techcrunch.com,287-99-3740,3549138671305670,6/13/1987
933,Tomi,Golledge,62147 Lerdahl Place,tgolledgepw@examiner.com,613-63-4975,4905399390288961253,4/24/1973
934,Joannes,Parfrey,3654 Northview Parkway,jparfreypx@simplemachines.org,236-41-3981,3562268270741967,5/26/1977
935,Margery,Lound,188 Kinsman Avenue,mloundpy@sfgate.com,599-59-4361,3584006045697641,3/17/1988
936,Gram,Liverock,139 Maple Wood Road,gliverockpz@w3.org,130-33-3523,5018174866473282607,9/16/1961
937,Joycelin,Pickvance,91430 Forest Run Point,jpickvanceq0@google.com.hk,868-69-2087,67622522654778679,4/16/1983
938,Flori,Prugel,4 Rockefeller Plaza,fprugelq1@wordpress.org,170-75-8318,4911014855767282,11/1/1963
939,Perceval,Greenroa,3787 Anthes Court,pgreenroaq2@free.fr,441-19-0032,3535595622585120,4/4/1981
940,Cassie,Tupling,514 Birchwood Hill,ctuplingq3@blogspot.com,533-34-8500,3566591940650136,12/7/1989
941,Doralia,Lavender,30703 Buhler Park,dlavenderq4@admin.ch,773-50-9733,4905229078479485,3/26/1989
942,Ker,Jankin,51015 Everett Court,kjankinq5@eventbrite.com,619-28-0913,377359685401825,6/14/1986
943,Modesta,Rodbourne,3 Meadow Vale Terrace,mrodbourneq6@twitter.com,163-38-4466,3563247100740935,5/17/1964
944,Selena,Adamek,70 Lakewood Pass,sadamekq7@quantcast.com,846-93-6087,5108751956750713,3/24/1976
945,Arabella,Coviello,76547 Jay Circle,acovielloq8@yellowbook.com,528-69-8590,201752314488902,7/13/1984
946,Errol,Gilvary,266 Kropf Place,egilvaryq9@naver.com,490-35-9287,3542437532182303,4/4/1989
947,Gareth,Muckleston,46689 Gina Pass,gmucklestonqa@yale.edu,680-43-6849,3555919903023335,12/6/1987
948,Maury,Threadkell,26149 Londonderry Terrace,mthreadkellqb@npr.org,404-36-9877,3555311611994512,11/4/1981
949,Taite,McKeowon,0 Kim Park,tmckeowonqc@facebook.com,309-58-0371,491103638999021516,4/16/1971
950,Win,Shadrack,56635 Dapin Center,wshadrackqd@economist.com,455-52-7023,6395528496390253,11/23/1973
951,Hillyer,Blumsom,1 American Drive,hblumsomqe@simplemachines.org,453-05-5224,3589700388128124,12/15/1980
952,Jaquenette,Jedrachowicz,1 Superior Alley,jjedrachowiczqf@blogspot.com,339-45-4421,3578114471759378,4/23/1985
953,Fina,Yakebovich,8908 Morningstar Place,fyakebovichqg@wordpress.com,619-34-0789,3587638053891877,4/30/1982
954,Ardelia,Braunton,02 Green Drive,abrauntonqh@desdev.cn,647-94-5869,5100140555226945,12/16/1968
955,Falito,Chasson,65 Iowa Avenue,fchassonqi@foxnews.com,244-37-8031,4913113146273833,4/8/1986
956,Daniella,Jacombs,210 Esker Lane,djacombsqj@gmpg.org,500-44-8677,3551154122001722,8/12/1961
957,Vita,Curbishley,3 Golf Course Crossing,vcurbishleyqk@china.com.cn,148-83-0948,345843701475789,12/23/1986
958,Elysee,Callam,53 Grayhawk Court,ecallamql@bandcamp.com,405-16-6050,5018836170695395,10/2/1974
959,Romona,Pawley,25318 Sloan Junction,rpawleyqm@independent.co.uk,571-33-9621,5602254245649631,5/5/1977
960,Megan,Dunkirk,5721 Sherman Hill,mdunkirkqn@weather.com,108-89-6024,5425224329698585,10/31/1976
961,Fan,Buffery,7876 Charing Cross Street,fbufferyqo@stumbleupon.com,651-20-6667,5602218802439108,3/13/1961
962,Karlen,Blaisdale,17 Sage Way,kblaisdaleqp@weebly.com,269-28-7889,3570379556263913,5/12/1977
963,Nelie,Duffrie,55924 Elmside Drive,nduffrieqq@guardian.co.uk,613-52-2685,3559631873030515,9/6/1979
964,Dulci,Mariyushkin,7656 Talisman Point,dmariyushkinqr@barnesandnoble.com,178-72-4526,5020590433569840,3/15/1982
965,Barbi,Snoddin,1 Sunbrook Trail,bsnoddinqs@paginegialle.it,432-48-1484,502006021034785274,10/29/1983
966,Wenonah,O'Daly,224 Farwell Street,wodalyqt@freewebs.com,820-32-8783,3574917307101902,6/27/1970
967,Aubry,Breward,111 Summer Ridge Road,abrewardqu@businessinsider.com,658-45-0675,3539054794161100,2/12/1961
968,Dav,Lyston,0 6th Place,dlystonqv@simplemachines.org,602-97-4134,5048376557652895,11/16/1988
969,Editha,Summerlad,702 Bay Hill,esummerladqw@php.net,164-44-7692,5020741893065080,3/5/1968
970,Casandra,Ryder,973 Service Circle,cryderqx@pagesperso-orange.fr,469-99-9630,3547649223096577,7/3/1974
971,Diana,Brandrick,261 Waubesa Crossing,dbrandrickqy@discuz.net,508-38-8108,5222682876898418,1/1/1967
972,Giffy,Ochterlony,5128 Spohn Crossing,gochterlonyqz@mozilla.org,720-07-9735,5010126301949376,8/19/1966
973,Teddi,Beauchamp,53960 Sachs Terrace,tbeauchampr0@jigsy.com,661-93-5505,0604671827722853432,11/9/1967
974,Allianora,Helks,27 Tennyson Terrace,ahelksr1@discuz.net,664-50-0155,372301456124900,5/12/1988
975,Coriss,Dupoy,68027 Vermont Avenue,cdupoyr2@studiopress.com,760-13-9331,5007668478530351,12/6/1962
976,Kitti,Sharpley,4468 Brentwood Place,ksharpleyr3@newyorker.com,570-19-2055,3572484681908198,12/3/1961
977,Jany,O'Reilly,034 Gale Park,joreillyr4@elpais.com,614-66-9766,3588756159493163,4/14/1961
978,Eziechiele,Bellinger,43 Lunder Way,ebellingerr5@vkontakte.ru,616-51-7690,3529490127317013,7/13/1965
979,Harwell,Pickthorne,130 Gulseth Avenue,hpickthorner6@photobucket.com,625-66-2054,201844855217400,11/22/1968
980,Hurlee,Sissons,00943 Welch Junction,hsissonsr7@jiathis.com,144-72-8960,3546028604848438,9/25/1989
981,Lexis,Doddrell,51 Summer Ridge Point,ldoddrellr8@ox.ac.uk,291-32-9778,4508997408103857,4/3/1988
982,Abel,Toyne,069 Morning Center,atoyner9@de.vu,558-82-7214,3564537303666229,10/9/1967
983,Rosalia,Kittredge,141 Sugar Terrace,rkittredgera@engadget.com,661-95-2367,5602217603434755,5/5/1964
984,Kamila,Greeve,663 Pond Drive,kgreeverb@earthlink.net,574-27-0912,5602228204894406067,5/30/1968
985,Angelo,Sturte,95501 Anniversary Street,asturterc@netscape.com,264-45-4280,3578998630076496,6/26/1971
986,Bryon,Spon,632 Nancy Place,bsponrd@angelfire.com,611-74-7762,5397969072360825,12/17/1976
987,Iris,McGloughlin,5393 Towne Alley,imcgloughlinre@altervista.org,317-35-5313,58933223172803874,12/8/1967
988,Dee dee,Tant,1407 Susan Lane,dtantrf@ftc.gov,406-37-6966,3568567990168292,6/27/1977
989,Ware,Wardroper,115 Express Drive,wwardroperrg@amazon.com,409-79-6343,3559791375720631,11/23/1982
990,Jenna,Standfield,62 Namekagon Circle,jstandfieldrh@ebay.co.uk,421-51-8010,5116322160887194,5/10/1965
991,Diane-marie,Spaughton,0104 Hovde Junction,dspaughtonri@tripadvisor.com,424-10-4450,564182906857627627,10/12/1970
992,Bambi,Wooland,4 Farragut Junction,bwoolandrj@cam.ac.uk,659-64-3723,675940050013002479,9/18/1985
993,Freedman,Lindfors,0 Canary Court,flindforsrk@epa.gov,621-22-8135,4041592585970,4/11/1972
994,Lorie,Bogges,4686 Clove Crossing,lboggesrl@cbsnews.com,876-62-7274,4326322723086,2/20/1975
995,Larry,Philipp,97248 Holmberg Drive,lphilipprm@npr.org,629-24-8672,3554884204735428,9/21/1973
996,Kirsten,Semark,6 Colorado Circle,ksemarkrn@ask.com,434-55-5794,6762946701651597139,5/12/1979
997,Tootsie,Severy,495 6th Hill,tseveryro@cbc.ca,369-98-9198,3559321194151055,12/15/1986
998,Isak,Crampton,679 Stone Corner Alley,icramptonrp@npr.org,830-79-8325,3555020522105874,4/17/1985
999,Mira,Borrington,4 Shopko Trail,mborringtonrq@mit.edu,461-67-0062,560224266192054690,5/1/1971
1000,Clyde,MacMillan,4286 Anderson Alley,cmacmillanrr@free.fr,516-28-0719,3534701106124375,4/21/1975
